Using pre-set license
Built from '6000.0/staging' branch; Version is '6000.0.32f1 (b2e806cf271c) revision 11724806'; Using compiler version '193933523'; Build Type 'Release'
OS: 'Windows 11  (10.0.22631) 64bit Core' Language: 'ko' Physical Memory: 15712 MB
BatchMode: 1, IsHumanControllingUs: 0, StartBugReporterOnCrash: 0, Is64bit: 1, IsPro: 1

COMMAND LINE ARGUMENTS:
C:\Program Files\Unity\Hub\Editor\6000.0.32f1\Editor\Unity.exe
-adb2
-batchMode
-noUpm
-name
AssetImportWorker0
-projectPath
C:/Users/HP/3D(3)
-logFile
Logs/AssetImportWorker0.log
-srvPort
63687
-job-worker-count
5
-background-job-worker-count
8
-gc-helper-count
1
Successfully changed project path to: C:/Users/HP/3D(3)
C:/Users/HP/3D(3)
[UnityMemory] Configuration Parameters - Can be set up in boot.config
    "memorysetup-bucket-allocator-granularity=16"
    "memorysetup-bucket-allocator-bucket-count=8"
    "memorysetup-bucket-allocator-block-size=33554432"
    "memorysetup-bucket-allocator-block-count=8"
    "memorysetup-main-allocator-block-size=16777216"
    "memorysetup-thread-allocator-block-size=16777216"
    "memorysetup-gfx-main-allocator-block-size=16777216"
    "memorysetup-gfx-thread-allocator-block-size=16777216"
    "memorysetup-cache-allocator-block-size=4194304"
    "memorysetup-typetree-allocator-block-size=2097152"
    "memorysetup-profiler-bucket-allocator-granularity=16"
    "memorysetup-profiler-bucket-allocator-bucket-count=8"
    "memorysetup-profiler-bucket-allocator-block-size=33554432"
    "memorysetup-profiler-bucket-allocator-block-count=8"
    "memorysetup-profiler-allocator-block-size=16777216"
    "memorysetup-profiler-editor-allocator-block-size=1048576"
    "memorysetup-temp-allocator-size-main=16777216"
    "memorysetup-job-temp-allocator-block-size=2097152"
    "memorysetup-job-temp-allocator-block-size-background=1048576"
    "memorysetup-job-temp-allocator-reduction-small-platforms=262144"
    "memorysetup-allocator-temp-initial-block-size-main=262144"
    "memorysetup-allocator-temp-initial-block-size-worker=262144"
    "memorysetup-temp-allocator-size-background-worker=32768"
    "memorysetup-temp-allocator-size-job-worker=262144"
    "memorysetup-temp-allocator-size-preload-manager=33554432"
    "memorysetup-temp-allocator-size-nav-mesh-worker=65536"
    "memorysetup-temp-allocator-size-audio-worker=65536"
    "memorysetup-temp-allocator-size-cloud-worker=32768"
    "memorysetup-temp-allocator-size-gi-baking-worker=262144"
    "memorysetup-temp-allocator-size-gi-baking-worker=262144"
    "memorysetup-temp-allocator-size-gi-baking-worker=262144"
    "memorysetup-temp-allocator-size-gi-baking-worker=262144"
    "memorysetup-temp-allocator-size-gi-baking-worker=262144"
    "memorysetup-temp-allocator-size-gfx=262144"
Player connection [11096]  Target information:

Player connection [11096]  * "[IP] 172.16.144.112 [Port] 0 [Flags] 2 [Guid] 3830034509 [EditorId] 3830034509 [Version] 1048832 [Id] WindowsEditor(7,DESKTOP-NA4Q6QA) [Debug] 1 [PackageName] WindowsEditor [ProjectName] Editor" 

Player connection [11096] Host joined multi-casting on [225.0.0.222:54997]...
Player connection [11096] Host joined alternative multi-casting on [225.0.0.222:34997]...
JobSystem: Creating JobQueue using job-worker-count value 5
[Physics::Module] Initialized fallback backend.
[Physics::Module] Id: 0xdecafbad
Library Redirect Path: Library/
[Physics::Module] Selected backend.
[Physics::Module] Name: PhysX
[Physics::Module] Id: 0xf2b8ea05
[Physics::Module] SDK Version: 4.1.2
[Physics::Module] Integration Version: 1.0.0
[Physics::Module] Threading Mode: Multi-Threaded
Refreshing native plugins compatible for Editor in 1.37 ms, found 3 plugins.
Preloading 0 native plugins for Editor in 0.00 ms.
Initialize engine version: 6000.0.32f1 (b2e806cf271c)
[Subsystems] Discovering subsystems at path C:/Program Files/Unity/Hub/Editor/6000.0.32f1/Editor/Data/Resources/UnitySubsystems
[Subsystems] Discovering subsystems at path C:/Users/HP/3D(3)/Assets
GfxDevice: creating device client; kGfxThreadingModeNonThreaded
Direct3D:
    Version:  Direct3D 11.0 [level 11.1]
    Renderer: AMD Radeon (TM) Graphics (ID=0x15e7)
    Vendor:   ATI
    VRAM:     7856 MB
    Driver:   31.0.21910.4002
Initialize mono
Mono path[0] = 'C:/Program Files/Unity/Hub/Editor/6000.0.32f1/Editor/Data/Managed'
Mono path[1] = 'C:/Program Files/Unity/Hub/Editor/6000.0.32f1/Editor/Data/MonoBleedingEdge/lib/mono/unityjit-win32'
Mono config path = 'C:/Program Files/Unity/Hub/Editor/6000.0.32f1/Editor/Data/MonoBleedingEdge/etc'
Using monoOptions --debugger-agent=transport=dt_socket,embedding=1,server=y,suspend=n,address=127.0.0.1:56572
Begin MonoManager ReloadAssembly
Registering precompiled unity dll's ...
Register platform support module: C:/Program Files/Unity/Hub/Editor/6000.0.32f1/Editor/Data/PlaybackEngines/WebGLSupport/UnityEditor.WebGL.Extensions.dll
Register platform support module: C:/Program Files/Unity/Hub/Editor/6000.0.32f1/Editor/Data/PlaybackEngines/WindowsStandaloneSupport/UnityEditor.WindowsStandalone.Extensions.dll
Registered in 0.003130 seconds.
- Loaded All Assemblies, in  0.462 seconds
Native extension for WindowsStandalone target not found
Native extension for WebGL target not found
Mono: successfully reloaded assembly
- Finished resetting the current domain, in  0.425 seconds
Domain Reload Profiling: 886ms
	BeginReloadAssembly (146ms)
		ExecutionOrderSort (0ms)
		DisableScriptedObjects (0ms)
		BackupInstance (0ms)
		ReleaseScriptingObjects (0ms)
		CreateAndSetChildDomain (1ms)
	RebuildCommonClasses (37ms)
	RebuildNativeTypeToScriptingClass (11ms)
	initialDomainReloadingComplete (51ms)
	LoadAllAssembliesAndSetupDomain (215ms)
		LoadAssemblies (144ms)
		RebuildTransferFunctionScriptingTraits (0ms)
		AnalyzeDomain (211ms)
			TypeCache.Refresh (209ms)
				TypeCache.ScanAssembly (186ms)
			BuildScriptInfoCaches (0ms)
			ResolveRequiredComponents (1ms)
	FinalizeReload (426ms)
		ReleaseScriptCaches (0ms)
		RebuildScriptCaches (0ms)
		SetupLoadedEditorAssemblies (378ms)
			LogAssemblyErrors (0ms)
			InitializePlatformSupportModulesInManaged (33ms)
			SetLoadedEditorAssemblies (7ms)
			BeforeProcessingInitializeOnLoad (57ms)
			ProcessInitializeOnLoadAttributes (209ms)
			ProcessInitializeOnLoadMethodAttributes (72ms)
			AfterProcessingInitializeOnLoad (0ms)
			EditorAssembliesLoaded (0ms)
		ExecutionOrderSort2 (0ms)
		AwakeInstancesAfterBackupRestoration (0ms)
========================================================================
Worker process is ready to serve import requests
Import Worker Mode flag is 0x00
Begin MonoManager ReloadAssembly
- Loaded All Assemblies, in  0.861 seconds
Refreshing native plugins compatible for Editor in 0.90 ms, found 3 plugins.
Native extension for WindowsStandalone target not found
Native extension for WebGL target not found
Mono: successfully reloaded assembly
- Finished resetting the current domain, in  0.692 seconds
Domain Reload Profiling: 1551ms
	BeginReloadAssembly (190ms)
		ExecutionOrderSort (0ms)
		DisableScriptedObjects (8ms)
		BackupInstance (0ms)
		ReleaseScriptingObjects (0ms)
		CreateAndSetChildDomain (41ms)
	RebuildCommonClasses (39ms)
	RebuildNativeTypeToScriptingClass (11ms)
	initialDomainReloadingComplete (36ms)
	LoadAllAssembliesAndSetupDomain (581ms)
		LoadAssemblies (387ms)
		RebuildTransferFunctionScriptingTraits (0ms)
		AnalyzeDomain (296ms)
			TypeCache.Refresh (241ms)
				TypeCache.ScanAssembly (221ms)
			BuildScriptInfoCaches (45ms)
			ResolveRequiredComponents (6ms)
	FinalizeReload (693ms)
		ReleaseScriptCaches (0ms)
		RebuildScriptCaches (0ms)
		SetupLoadedEditorAssemblies (569ms)
			LogAssemblyErrors (0ms)
			InitializePlatformSupportModulesInManaged (4ms)
			SetLoadedEditorAssemblies (5ms)
			BeforeProcessingInitializeOnLoad (103ms)
			ProcessInitializeOnLoadAttributes (426ms)
			ProcessInitializeOnLoadMethodAttributes (27ms)
			AfterProcessingInitializeOnLoad (4ms)
			EditorAssembliesLoaded (0ms)
		ExecutionOrderSort2 (0ms)
		AwakeInstancesAfterBackupRestoration (7ms)
Launched and connected shader compiler UnityShaderCompiler.exe after 0.03 seconds
Refreshing native plugins compatible for Editor in 1.17 ms, found 3 plugins.
Preloading 0 native plugins for Editor in 0.00 ms.
Unloading 56 Unused Serialized files (Serialized files now loaded: 0)
Unloading 3826 unused Assets / (1.9 MB). Loaded Objects now: 4382.
Memory consumption went from 116.8 MB to 114.8 MB.
Total: 12.688200 ms (FindLiveObjects: 0.941000 ms CreateObjectMapping: 0.942200 ms MarkObjects: 8.120300 ms  DeleteObjects: 2.683400 ms)

========================================================================
Received Import Request.
  Time since last request: 257643.873947 seconds.
  path: Assets/get_se.mp3
  artifactKey: Guid(9ee9239d80de7b5499cfc1c7e7371899) Importer(815301076,1909f56bfc062723c751e8b465ee728b)
Start importing Assets/get_se.mp3 using Guid(9ee9239d80de7b5499cfc1c7e7371899) Importer(815301076,1909f56bfc062723c751e8b465ee728b) (PreviewImporter) -> (artifact id: 'b22eb14a2701bcbb4eb271596dfc693e') in 0.2064161 seconds
Number of updated asset objects reloaded before import = 0Number of asset objects unloaded after import = 2

========================================================================
Received Prepare
Begin MonoManager ReloadAssembly
- Loaded All Assemblies, in  0.551 seconds
Refreshing native plugins compatible for Editor in 0.74 ms, found 3 plugins.
Native extension for WindowsStandalone target not found
Native extension for WebGL target not found
Mono: successfully reloaded assembly
- Finished resetting the current domain, in  0.592 seconds
Domain Reload Profiling: 1143ms
	BeginReloadAssembly (186ms)
		ExecutionOrderSort (0ms)
		DisableScriptedObjects (5ms)
		BackupInstance (0ms)
		ReleaseScriptingObjects (0ms)
		CreateAndSetChildDomain (50ms)
	RebuildCommonClasses (33ms)
	RebuildNativeTypeToScriptingClass (11ms)
	initialDomainReloadingComplete (22ms)
	LoadAllAssembliesAndSetupDomain (299ms)
		LoadAssemblies (260ms)
		RebuildTransferFunctionScriptingTraits (0ms)
		AnalyzeDomain (131ms)
			TypeCache.Refresh (5ms)
				TypeCache.ScanAssembly (0ms)
			BuildScriptInfoCaches (119ms)
			ResolveRequiredComponents (4ms)
	FinalizeReload (592ms)
		ReleaseScriptCaches (0ms)
		RebuildScriptCaches (0ms)
		SetupLoadedEditorAssemblies (478ms)
			LogAssemblyErrors (0ms)
			InitializePlatformSupportModulesInManaged (3ms)
			SetLoadedEditorAssemblies (5ms)
			BeforeProcessingInitializeOnLoad (85ms)
			ProcessInitializeOnLoadAttributes (359ms)
			ProcessInitializeOnLoadMethodAttributes (23ms)
			AfterProcessingInitializeOnLoad (4ms)
			EditorAssembliesLoaded (0ms)
		ExecutionOrderSort2 (0ms)
		AwakeInstancesAfterBackupRestoration (7ms)
Refreshing native plugins compatible for Editor in 0.85 ms, found 3 plugins.
Preloading 0 native plugins for Editor in 0.00 ms.
Unloading 6 Unused Serialized files (Serialized files now loaded: 0)
Unloading 3825 unused Assets / (1.7 MB). Loaded Objects now: 4395.
Memory consumption went from 110.5 MB to 108.8 MB.
Total: 6.977000 ms (FindLiveObjects: 0.399300 ms CreateObjectMapping: 0.663800 ms MarkObjects: 4.655800 ms  DeleteObjects: 1.257200 ms)

Prepare: number of updated asset objects reloaded= 0
========================================================================
Received Prepare
Begin MonoManager ReloadAssembly
- Loaded All Assemblies, in  0.560 seconds
Refreshing native plugins compatible for Editor in 0.86 ms, found 3 plugins.
Native extension for WindowsStandalone target not found
Native extension for WebGL target not found
Mono: successfully reloaded assembly
- Finished resetting the current domain, in  0.577 seconds
Domain Reload Profiling: 1136ms
	BeginReloadAssembly (185ms)
		ExecutionOrderSort (0ms)
		DisableScriptedObjects (6ms)
		BackupInstance (0ms)
		ReleaseScriptingObjects (0ms)
		CreateAndSetChildDomain (44ms)
	RebuildCommonClasses (34ms)
	RebuildNativeTypeToScriptingClass (12ms)
	initialDomainReloadingComplete (25ms)
	LoadAllAssembliesAndSetupDomain (303ms)
		LoadAssemblies (268ms)
		RebuildTransferFunctionScriptingTraits (0ms)
		AnalyzeDomain (134ms)
			TypeCache.Refresh (5ms)
				TypeCache.ScanAssembly (0ms)
			BuildScriptInfoCaches (121ms)
			ResolveRequiredComponents (5ms)
	FinalizeReload (577ms)
		ReleaseScriptCaches (0ms)
		RebuildScriptCaches (0ms)
		SetupLoadedEditorAssemblies (442ms)
			LogAssemblyErrors (0ms)
			InitializePlatformSupportModulesInManaged (3ms)
			SetLoadedEditorAssemblies (4ms)
			BeforeProcessingInitializeOnLoad (85ms)
			ProcessInitializeOnLoadAttributes (325ms)
			ProcessInitializeOnLoadMethodAttributes (22ms)
			AfterProcessingInitializeOnLoad (3ms)
			EditorAssembliesLoaded (0ms)
		ExecutionOrderSort2 (0ms)
		AwakeInstancesAfterBackupRestoration (7ms)
Refreshing native plugins compatible for Editor in 0.88 ms, found 3 plugins.
Preloading 0 native plugins for Editor in 0.00 ms.
Unloading 5 Unused Serialized files (Serialized files now loaded: 0)
Unloading 3825 unused Assets / (1.6 MB). Loaded Objects now: 4395.
Memory consumption went from 110.5 MB to 108.9 MB.
Total: 6.032600 ms (FindLiveObjects: 0.617800 ms CreateObjectMapping: 0.258400 ms MarkObjects: 4.027000 ms  DeleteObjects: 1.128300 ms)

Prepare: number of updated asset objects reloaded= 0
========================================================================
Received Import Request.
  Time since last request: 1090.075865 seconds.
  path: Assets/Bullet.cs
  artifactKey: Guid(9043ee35705cc2b49b1450fe7ac9bde5) Importer(815301076,1909f56bfc062723c751e8b465ee728b)
Start importing Assets/Bullet.cs using Guid(9043ee35705cc2b49b1450fe7ac9bde5) Importer(815301076,1909f56bfc062723c751e8b465ee728b) (PreviewImporter) -> (artifact id: '11e9e8b821ffe68beb5160dee8be9cf0') in 0.0017189 seconds
Number of updated asset objects reloaded before import = 0Number of asset objects unloaded after import = 0

========================================================================
Received Prepare
Refreshing native plugins compatible for Editor in 1.11 ms, found 3 plugins.
Preloading 0 native plugins for Editor in 0.00 ms.
Unloading 5 Unused Serialized files (Serialized files now loaded: 0)
Unloading 3818 unused Assets / (1.6 MB). Loaded Objects now: 4395.
Memory consumption went from 110.6 MB to 109.1 MB.
Total: 7.023200 ms (FindLiveObjects: 0.448900 ms CreateObjectMapping: 0.253000 ms MarkObjects: 5.043700 ms  DeleteObjects: 1.276100 ms)

Prepare: number of updated asset objects reloaded= 0
========================================================================
Received Prepare
Begin MonoManager ReloadAssembly
- Loaded All Assemblies, in  0.603 seconds
Refreshing native plugins compatible for Editor in 0.86 ms, found 3 plugins.
Native extension for WindowsStandalone target not found
Native extension for WebGL target not found
Mono: successfully reloaded assembly
- Finished resetting the current domain, in  0.625 seconds
Domain Reload Profiling: 1230ms
	BeginReloadAssembly (183ms)
		ExecutionOrderSort (0ms)
		DisableScriptedObjects (5ms)
		BackupInstance (0ms)
		ReleaseScriptingObjects (0ms)
		CreateAndSetChildDomain (45ms)
	RebuildCommonClasses (43ms)
	RebuildNativeTypeToScriptingClass (11ms)
	initialDomainReloadingComplete (26ms)
	LoadAllAssembliesAndSetupDomain (341ms)
		LoadAssemblies (276ms)
		RebuildTransferFunctionScriptingTraits (0ms)
		AnalyzeDomain (158ms)
			TypeCache.Refresh (8ms)
				TypeCache.ScanAssembly (1ms)
			BuildScriptInfoCaches (137ms)
			ResolveRequiredComponents (8ms)
	FinalizeReload (626ms)
		ReleaseScriptCaches (0ms)
		RebuildScriptCaches (0ms)
		SetupLoadedEditorAssemblies (495ms)
			LogAssemblyErrors (0ms)
			InitializePlatformSupportModulesInManaged (3ms)
			SetLoadedEditorAssemblies (4ms)
			BeforeProcessingInitializeOnLoad (90ms)
			ProcessInitializeOnLoadAttributes (373ms)
			ProcessInitializeOnLoadMethodAttributes (21ms)
			AfterProcessingInitializeOnLoad (4ms)
			EditorAssembliesLoaded (0ms)
		ExecutionOrderSort2 (0ms)
		AwakeInstancesAfterBackupRestoration (6ms)
Refreshing native plugins compatible for Editor in 0.93 ms, found 3 plugins.
Preloading 0 native plugins for Editor in 0.00 ms.
Unloading 5 Unused Serialized files (Serialized files now loaded: 0)
Unloading 3825 unused Assets / (2.1 MB). Loaded Objects now: 4395.
Memory consumption went from 110.5 MB to 108.3 MB.
Total: 14.136400 ms (FindLiveObjects: 0.548800 ms CreateObjectMapping: 0.628000 ms MarkObjects: 9.936400 ms  DeleteObjects: 3.021000 ms)

Prepare: number of updated asset objects reloaded= 0
========================================================================
Received Prepare
Refreshing native plugins compatible for Editor in 0.98 ms, found 3 plugins.
Preloading 0 native plugins for Editor in 0.00 ms.
Unloading 5 Unused Serialized files (Serialized files now loaded: 0)
Unloading 3818 unused Assets / (1.6 MB). Loaded Objects now: 4395.
Memory consumption went from 110.6 MB to 109.1 MB.
Total: 6.666500 ms (FindLiveObjects: 0.682600 ms CreateObjectMapping: 0.287300 ms MarkObjects: 4.477600 ms  DeleteObjects: 1.218000 ms)

Prepare: number of updated asset objects reloaded= 0
========================================================================
Received Prepare
Begin MonoManager ReloadAssembly
- Loaded All Assemblies, in  0.653 seconds
Refreshing native plugins compatible for Editor in 0.87 ms, found 3 plugins.
Native extension for WindowsStandalone target not found
Native extension for WebGL target not found
Mono: successfully reloaded assembly
- Finished resetting the current domain, in  0.596 seconds
Domain Reload Profiling: 1248ms
	BeginReloadAssembly (208ms)
		ExecutionOrderSort (0ms)
		DisableScriptedObjects (6ms)
		BackupInstance (0ms)
		ReleaseScriptingObjects (0ms)
		CreateAndSetChildDomain (49ms)
	RebuildCommonClasses (43ms)
	RebuildNativeTypeToScriptingClass (12ms)
	initialDomainReloadingComplete (28ms)
	LoadAllAssembliesAndSetupDomain (362ms)
		LoadAssemblies (323ms)
		RebuildTransferFunctionScriptingTraits (0ms)
		AnalyzeDomain (150ms)
			TypeCache.Refresh (8ms)
				TypeCache.ScanAssembly (1ms)
			BuildScriptInfoCaches (134ms)
			ResolveRequiredComponents (5ms)
	FinalizeReload (597ms)
		ReleaseScriptCaches (0ms)
		RebuildScriptCaches (0ms)
		SetupLoadedEditorAssemblies (482ms)
			LogAssemblyErrors (0ms)
			InitializePlatformSupportModulesInManaged (4ms)
			SetLoadedEditorAssemblies (5ms)
			BeforeProcessingInitializeOnLoad (88ms)
			ProcessInitializeOnLoadAttributes (357ms)
			ProcessInitializeOnLoadMethodAttributes (24ms)
			AfterProcessingInitializeOnLoad (5ms)
			EditorAssembliesLoaded (0ms)
		ExecutionOrderSort2 (0ms)
		AwakeInstancesAfterBackupRestoration (7ms)
Refreshing native plugins compatible for Editor in 0.98 ms, found 3 plugins.
Preloading 0 native plugins for Editor in 0.00 ms.
Unloading 5 Unused Serialized files (Serialized files now loaded: 0)
Unloading 3825 unused Assets / (1.5 MB). Loaded Objects now: 4395.
Memory consumption went from 110.5 MB to 109.0 MB.
Total: 6.233700 ms (FindLiveObjects: 0.419300 ms CreateObjectMapping: 0.201200 ms MarkObjects: 4.196500 ms  DeleteObjects: 1.416000 ms)

Prepare: number of updated asset objects reloaded= 0
========================================================================
Received Prepare
Refreshing native plugins compatible for Editor in 1.12 ms, found 3 plugins.
Preloading 0 native plugins for Editor in 0.00 ms.
Unloading 5 Unused Serialized files (Serialized files now loaded: 0)
Unloading 3818 unused Assets / (2.5 MB). Loaded Objects now: 4395.
Memory consumption went from 110.6 MB to 108.1 MB.
Total: 8.808600 ms (FindLiveObjects: 0.540400 ms CreateObjectMapping: 0.504500 ms MarkObjects: 5.201200 ms  DeleteObjects: 2.561300 ms)

Prepare: number of updated asset objects reloaded= 0
========================================================================
Received Prepare
Begin MonoManager ReloadAssembly
- Loaded All Assemblies, in  0.581 seconds
Refreshing native plugins compatible for Editor in 0.88 ms, found 3 plugins.
Native extension for WindowsStandalone target not found
Native extension for WebGL target not found
Mono: successfully reloaded assembly
- Finished resetting the current domain, in  0.616 seconds
Domain Reload Profiling: 1198ms
	BeginReloadAssembly (192ms)
		ExecutionOrderSort (0ms)
		DisableScriptedObjects (6ms)
		BackupInstance (0ms)
		ReleaseScriptingObjects (0ms)
		CreateAndSetChildDomain (44ms)
	RebuildCommonClasses (40ms)
	RebuildNativeTypeToScriptingClass (12ms)
	initialDomainReloadingComplete (25ms)
	LoadAllAssembliesAndSetupDomain (311ms)
		LoadAssemblies (275ms)
		RebuildTransferFunctionScriptingTraits (0ms)
		AnalyzeDomain (139ms)
			TypeCache.Refresh (8ms)
				TypeCache.ScanAssembly (1ms)
			BuildScriptInfoCaches (124ms)
			ResolveRequiredComponents (4ms)
	FinalizeReload (617ms)
		ReleaseScriptCaches (0ms)
		RebuildScriptCaches (0ms)
		SetupLoadedEditorAssemblies (503ms)
			LogAssemblyErrors (0ms)
			InitializePlatformSupportModulesInManaged (3ms)
			SetLoadedEditorAssemblies (4ms)
			BeforeProcessingInitializeOnLoad (87ms)
			ProcessInitializeOnLoadAttributes (382ms)
			ProcessInitializeOnLoadMethodAttributes (22ms)
			AfterProcessingInitializeOnLoad (4ms)
			EditorAssembliesLoaded (0ms)
		ExecutionOrderSort2 (0ms)
		AwakeInstancesAfterBackupRestoration (7ms)
Refreshing native plugins compatible for Editor in 0.96 ms, found 3 plugins.
Preloading 0 native plugins for Editor in 0.00 ms.
Unloading 5 Unused Serialized files (Serialized files now loaded: 0)
Unloading 3825 unused Assets / (1.6 MB). Loaded Objects now: 4395.
Memory consumption went from 110.5 MB to 108.9 MB.
Total: 6.330700 ms (FindLiveObjects: 0.446100 ms CreateObjectMapping: 0.541700 ms MarkObjects: 4.086700 ms  DeleteObjects: 1.255400 ms)

Prepare: number of updated asset objects reloaded= 0
========================================================================
Received Prepare
Begin MonoManager ReloadAssembly
- Loaded All Assemblies, in  0.715 seconds
Refreshing native plugins compatible for Editor in 0.84 ms, found 3 plugins.
Native extension for WindowsStandalone target not found
Native extension for WebGL target not found
Mono: successfully reloaded assembly
- Finished resetting the current domain, in  0.633 seconds
Domain Reload Profiling: 1349ms
	BeginReloadAssembly (190ms)
		ExecutionOrderSort (0ms)
		DisableScriptedObjects (5ms)
		BackupInstance (0ms)
		ReleaseScriptingObjects (0ms)
		CreateAndSetChildDomain (49ms)
	RebuildCommonClasses (34ms)
	RebuildNativeTypeToScriptingClass (12ms)
	initialDomainReloadingComplete (26ms)
	LoadAllAssembliesAndSetupDomain (453ms)
		LoadAssemblies (339ms)
		RebuildTransferFunctionScriptingTraits (0ms)
		AnalyzeDomain (211ms)
			TypeCache.Refresh (8ms)
				TypeCache.ScanAssembly (0ms)
			BuildScriptInfoCaches (192ms)
			ResolveRequiredComponents (6ms)
	FinalizeReload (634ms)
		ReleaseScriptCaches (0ms)
		RebuildScriptCaches (0ms)
		SetupLoadedEditorAssemblies (506ms)
			LogAssemblyErrors (0ms)
			InitializePlatformSupportModulesInManaged (3ms)
			SetLoadedEditorAssemblies (5ms)
			BeforeProcessingInitializeOnLoad (97ms)
			ProcessInitializeOnLoadAttributes (372ms)
			ProcessInitializeOnLoadMethodAttributes (24ms)
			AfterProcessingInitializeOnLoad (4ms)
			EditorAssembliesLoaded (0ms)
		ExecutionOrderSort2 (0ms)
		AwakeInstancesAfterBackupRestoration (8ms)
Refreshing native plugins compatible for Editor in 0.96 ms, found 3 plugins.
Preloading 0 native plugins for Editor in 0.00 ms.
Unloading 5 Unused Serialized files (Serialized files now loaded: 0)
Unloading 3825 unused Assets / (1.9 MB). Loaded Objects now: 4395.
Memory consumption went from 110.5 MB to 108.6 MB.
Total: 9.220100 ms (FindLiveObjects: 0.703000 ms CreateObjectMapping: 0.642200 ms MarkObjects: 6.044200 ms  DeleteObjects: 1.828900 ms)

Prepare: number of updated asset objects reloaded= 0
========================================================================
Received Prepare
Refreshing native plugins compatible for Editor in 1.28 ms, found 3 plugins.
Preloading 0 native plugins for Editor in 0.00 ms.
Unloading 5 Unused Serialized files (Serialized files now loaded: 0)
Unloading 3818 unused Assets / (1.7 MB). Loaded Objects now: 4395.
Memory consumption went from 110.7 MB to 109.0 MB.
Total: 8.552800 ms (FindLiveObjects: 0.671000 ms CreateObjectMapping: 0.380600 ms MarkObjects: 5.661200 ms  DeleteObjects: 1.838600 ms)

Prepare: number of updated asset objects reloaded= 0
========================================================================
Received Prepare
Begin MonoManager ReloadAssembly
- Loaded All Assemblies, in  0.740 seconds
Refreshing native plugins compatible for Editor in 1.04 ms, found 3 plugins.
Native extension for WindowsStandalone target not found
Native extension for WebGL target not found
Mono: successfully reloaded assembly
- Finished resetting the current domain, in  0.732 seconds
Domain Reload Profiling: 1468ms
	BeginReloadAssembly (237ms)
		ExecutionOrderSort (0ms)
		DisableScriptedObjects (5ms)
		BackupInstance (0ms)
		ReleaseScriptingObjects (0ms)
		CreateAndSetChildDomain (58ms)
	RebuildCommonClasses (51ms)
	RebuildNativeTypeToScriptingClass (18ms)
	initialDomainReloadingComplete (33ms)
	LoadAllAssembliesAndSetupDomain (396ms)
		LoadAssemblies (359ms)
		RebuildTransferFunctionScriptingTraits (0ms)
		AnalyzeDomain (161ms)
			TypeCache.Refresh (11ms)
				TypeCache.ScanAssembly (2ms)
			BuildScriptInfoCaches (142ms)
			ResolveRequiredComponents (4ms)
	FinalizeReload (732ms)
		ReleaseScriptCaches (0ms)
		RebuildScriptCaches (0ms)
		SetupLoadedEditorAssemblies (609ms)
			LogAssemblyErrors (0ms)
			InitializePlatformSupportModulesInManaged (3ms)
			SetLoadedEditorAssemblies (6ms)
			BeforeProcessingInitializeOnLoad (109ms)
			ProcessInitializeOnLoadAttributes (453ms)
			ProcessInitializeOnLoadMethodAttributes (31ms)
			AfterProcessingInitializeOnLoad (8ms)
			EditorAssembliesLoaded (0ms)
		ExecutionOrderSort2 (0ms)
		AwakeInstancesAfterBackupRestoration (10ms)
Refreshing native plugins compatible for Editor in 1.55 ms, found 3 plugins.
Preloading 0 native plugins for Editor in 0.00 ms.
Unloading 5 Unused Serialized files (Serialized files now loaded: 0)
Unloading 3825 unused Assets / (1.7 MB). Loaded Objects now: 4395.
Memory consumption went from 110.5 MB to 108.8 MB.
Total: 8.584500 ms (FindLiveObjects: 0.750400 ms CreateObjectMapping: 0.772300 ms MarkObjects: 5.602500 ms  DeleteObjects: 1.458300 ms)

Prepare: number of updated asset objects reloaded= 0
========================================================================
Received Prepare
Refreshing native plugins compatible for Editor in 1.14 ms, found 3 plugins.
Preloading 0 native plugins for Editor in 0.00 ms.
Unloading 5 Unused Serialized files (Serialized files now loaded: 0)
Unloading 3818 unused Assets / (1.9 MB). Loaded Objects now: 4395.
Memory consumption went from 110.7 MB to 108.7 MB.
Total: 9.459100 ms (FindLiveObjects: 0.437700 ms CreateObjectMapping: 0.525000 ms MarkObjects: 6.538300 ms  DeleteObjects: 1.956500 ms)

Prepare: number of updated asset objects reloaded= 0
========================================================================
Received Prepare
Refreshing native plugins compatible for Editor in 1.18 ms, found 3 plugins.
Preloading 0 native plugins for Editor in 0.00 ms.
Unloading 5 Unused Serialized files (Serialized files now loaded: 0)
Unloading 3818 unused Assets / (1.9 MB). Loaded Objects now: 4395.
Memory consumption went from 110.7 MB to 108.7 MB.
Total: 8.917000 ms (FindLiveObjects: 0.646700 ms CreateObjectMapping: 0.397000 ms MarkObjects: 6.176500 ms  DeleteObjects: 1.695600 ms)

Prepare: number of updated asset objects reloaded= 0
========================================================================
Received Prepare
Begin MonoManager ReloadAssembly
- Loaded All Assemblies, in  0.708 seconds
Refreshing native plugins compatible for Editor in 1.39 ms, found 3 plugins.
Native extension for WindowsStandalone target not found
Native extension for WebGL target not found
Mono: successfully reloaded assembly
- Finished resetting the current domain, in  0.716 seconds
Domain Reload Profiling: 1423ms
	BeginReloadAssembly (229ms)
		ExecutionOrderSort (0ms)
		DisableScriptedObjects (8ms)
		BackupInstance (0ms)
		ReleaseScriptingObjects (0ms)
		CreateAndSetChildDomain (57ms)
	RebuildCommonClasses (39ms)
	RebuildNativeTypeToScriptingClass (12ms)
	initialDomainReloadingComplete (37ms)
	LoadAllAssembliesAndSetupDomain (390ms)
		LoadAssemblies (332ms)
		RebuildTransferFunctionScriptingTraits (0ms)
		AnalyzeDomain (173ms)
			TypeCache.Refresh (11ms)
				TypeCache.ScanAssembly (2ms)
			BuildScriptInfoCaches (154ms)
			ResolveRequiredComponents (5ms)
	FinalizeReload (717ms)
		ReleaseScriptCaches (0ms)
		RebuildScriptCaches (0ms)
		SetupLoadedEditorAssemblies (563ms)
			LogAssemblyErrors (0ms)
			InitializePlatformSupportModulesInManaged (3ms)
			SetLoadedEditorAssemblies (5ms)
			BeforeProcessingInitializeOnLoad (114ms)
			ProcessInitializeOnLoadAttributes (414ms)
			ProcessInitializeOnLoadMethodAttributes (21ms)
			AfterProcessingInitializeOnLoad (6ms)
			EditorAssembliesLoaded (0ms)
		ExecutionOrderSort2 (0ms)
		AwakeInstancesAfterBackupRestoration (10ms)
Refreshing native plugins compatible for Editor in 1.43 ms, found 3 plugins.
Preloading 0 native plugins for Editor in 0.00 ms.
Unloading 5 Unused Serialized files (Serialized files now loaded: 0)
Unloading 3825 unused Assets / (1.8 MB). Loaded Objects now: 4395.
Memory consumption went from 110.5 MB to 108.7 MB.
Total: 7.994600 ms (FindLiveObjects: 0.592500 ms CreateObjectMapping: 0.769200 ms MarkObjects: 4.994300 ms  DeleteObjects: 1.637600 ms)

Prepare: number of updated asset objects reloaded= 0
========================================================================
Received Prepare
Refreshing native plugins compatible for Editor in 0.88 ms, found 3 plugins.
Preloading 0 native plugins for Editor in 0.00 ms.
Unloading 5 Unused Serialized files (Serialized files now loaded: 0)
Unloading 3818 unused Assets / (1.5 MB). Loaded Objects now: 4395.
Memory consumption went from 110.7 MB to 109.1 MB.
Total: 6.168500 ms (FindLiveObjects: 0.549100 ms CreateObjectMapping: 0.367400 ms MarkObjects: 4.080000 ms  DeleteObjects: 1.171000 ms)

Prepare: number of updated asset objects reloaded= 0
========================================================================
Received Prepare
Begin MonoManager ReloadAssembly
- Loaded All Assemblies, in  0.573 seconds
Refreshing native plugins compatible for Editor in 0.83 ms, found 3 plugins.
Native extension for WindowsStandalone target not found
Native extension for WebGL target not found
Mono: successfully reloaded assembly
- Finished resetting the current domain, in  0.531 seconds
Domain Reload Profiling: 1104ms
	BeginReloadAssembly (180ms)
		ExecutionOrderSort (0ms)
		DisableScriptedObjects (5ms)
		BackupInstance (0ms)
		ReleaseScriptingObjects (0ms)
		CreateAndSetChildDomain (44ms)
	RebuildCommonClasses (37ms)
	RebuildNativeTypeToScriptingClass (11ms)
	initialDomainReloadingComplete (32ms)
	LoadAllAssembliesAndSetupDomain (313ms)
		LoadAssemblies (264ms)
		RebuildTransferFunctionScriptingTraits (0ms)
		AnalyzeDomain (143ms)
			TypeCache.Refresh (9ms)
				TypeCache.ScanAssembly (1ms)
			BuildScriptInfoCaches (126ms)
			ResolveRequiredComponents (5ms)
	FinalizeReload (531ms)
		ReleaseScriptCaches (0ms)
		RebuildScriptCaches (0ms)
		SetupLoadedEditorAssemblies (425ms)
			LogAssemblyErrors (0ms)
			InitializePlatformSupportModulesInManaged (3ms)
			SetLoadedEditorAssemblies (4ms)
			BeforeProcessingInitializeOnLoad (84ms)
			ProcessInitializeOnLoadAttributes (308ms)
			ProcessInitializeOnLoadMethodAttributes (21ms)
			AfterProcessingInitializeOnLoad (4ms)
			EditorAssembliesLoaded (0ms)
		ExecutionOrderSort2 (0ms)
		AwakeInstancesAfterBackupRestoration (6ms)
Refreshing native plugins compatible for Editor in 0.94 ms, found 3 plugins.
Preloading 0 native plugins for Editor in 0.00 ms.
Unloading 5 Unused Serialized files (Serialized files now loaded: 0)
Unloading 3825 unused Assets / (1.5 MB). Loaded Objects now: 4395.
Memory consumption went from 110.5 MB to 109.0 MB.
Total: 6.364400 ms (FindLiveObjects: 0.476400 ms CreateObjectMapping: 0.283500 ms MarkObjects: 4.456500 ms  DeleteObjects: 1.147100 ms)

Prepare: number of updated asset objects reloaded= 0
========================================================================
Received Prepare
Refreshing native plugins compatible for Editor in 0.90 ms, found 3 plugins.
Preloading 0 native plugins for Editor in 0.00 ms.
Unloading 5 Unused Serialized files (Serialized files now loaded: 0)
Unloading 3818 unused Assets / (1.6 MB). Loaded Objects now: 4395.
Memory consumption went from 110.7 MB to 109.1 MB.
Total: 6.055500 ms (FindLiveObjects: 0.488700 ms CreateObjectMapping: 0.265600 ms MarkObjects: 4.122200 ms  DeleteObjects: 1.177600 ms)

Prepare: number of updated asset objects reloaded= 0
========================================================================
Received Prepare
Begin MonoManager ReloadAssembly
- Loaded All Assemblies, in  0.674 seconds
Refreshing native plugins compatible for Editor in 0.80 ms, found 3 plugins.
Native extension for WindowsStandalone target not found
Native extension for WebGL target not found
Mono: successfully reloaded assembly
- Finished resetting the current domain, in  0.659 seconds
Domain Reload Profiling: 1334ms
	BeginReloadAssembly (195ms)
		ExecutionOrderSort (0ms)
		DisableScriptedObjects (5ms)
		BackupInstance (0ms)
		ReleaseScriptingObjects (0ms)
		CreateAndSetChildDomain (42ms)
	RebuildCommonClasses (62ms)
	RebuildNativeTypeToScriptingClass (19ms)
	initialDomainReloadingComplete (32ms)
	LoadAllAssembliesAndSetupDomain (366ms)
		LoadAssemblies (335ms)
		RebuildTransferFunctionScriptingTraits (0ms)
		AnalyzeDomain (142ms)
			TypeCache.Refresh (8ms)
				TypeCache.ScanAssembly (1ms)
			BuildScriptInfoCaches (126ms)
			ResolveRequiredComponents (4ms)
	FinalizeReload (660ms)
		ReleaseScriptCaches (0ms)
		RebuildScriptCaches (0ms)
		SetupLoadedEditorAssemblies (500ms)
			LogAssemblyErrors (0ms)
			InitializePlatformSupportModulesInManaged (3ms)
			SetLoadedEditorAssemblies (5ms)
			BeforeProcessingInitializeOnLoad (81ms)
			ProcessInitializeOnLoadAttributes (371ms)
			ProcessInitializeOnLoadMethodAttributes (35ms)
			AfterProcessingInitializeOnLoad (5ms)
			EditorAssembliesLoaded (0ms)
		ExecutionOrderSort2 (0ms)
		AwakeInstancesAfterBackupRestoration (20ms)
Refreshing native plugins compatible for Editor in 0.86 ms, found 3 plugins.
Preloading 0 native plugins for Editor in 0.00 ms.
Unloading 5 Unused Serialized files (Serialized files now loaded: 0)
Unloading 3825 unused Assets / (1.6 MB). Loaded Objects now: 4395.
Memory consumption went from 110.5 MB to 108.9 MB.
Total: 6.373600 ms (FindLiveObjects: 0.426400 ms CreateObjectMapping: 0.249100 ms MarkObjects: 4.566400 ms  DeleteObjects: 1.130800 ms)

Prepare: number of updated asset objects reloaded= 0
========================================================================
Received Prepare
Refreshing native plugins compatible for Editor in 0.87 ms, found 3 plugins.
Preloading 0 native plugins for Editor in 0.00 ms.
Unloading 5 Unused Serialized files (Serialized files now loaded: 0)
Unloading 3818 unused Assets / (1.8 MB). Loaded Objects now: 4395.
Memory consumption went from 110.7 MB to 108.9 MB.
Total: 6.075300 ms (FindLiveObjects: 0.433200 ms CreateObjectMapping: 0.252100 ms MarkObjects: 4.054500 ms  DeleteObjects: 1.334600 ms)

Prepare: number of updated asset objects reloaded= 0
========================================================================
Received Prepare
Begin MonoManager ReloadAssembly
- Loaded All Assemblies, in  0.560 seconds
Refreshing native plugins compatible for Editor in 0.83 ms, found 3 plugins.
Native extension for WindowsStandalone target not found
Native extension for WebGL target not found
Mono: successfully reloaded assembly
- Finished resetting the current domain, in  0.575 seconds
Domain Reload Profiling: 1136ms
	BeginReloadAssembly (179ms)
		ExecutionOrderSort (0ms)
		DisableScriptedObjects (5ms)
		BackupInstance (0ms)
		ReleaseScriptingObjects (0ms)
		CreateAndSetChildDomain (46ms)
	RebuildCommonClasses (33ms)
	RebuildNativeTypeToScriptingClass (12ms)
	initialDomainReloadingComplete (25ms)
	LoadAllAssembliesAndSetupDomain (311ms)
		LoadAssemblies (262ms)
		RebuildTransferFunctionScriptingTraits (0ms)
		AnalyzeDomain (140ms)
			TypeCache.Refresh (8ms)
				TypeCache.ScanAssembly (1ms)
			BuildScriptInfoCaches (124ms)
			ResolveRequiredComponents (4ms)
	FinalizeReload (575ms)
		ReleaseScriptCaches (0ms)
		RebuildScriptCaches (0ms)
		SetupLoadedEditorAssemblies (461ms)
			LogAssemblyErrors (0ms)
			InitializePlatformSupportModulesInManaged (3ms)
			SetLoadedEditorAssemblies (4ms)
			BeforeProcessingInitializeOnLoad (81ms)
			ProcessInitializeOnLoadAttributes (344ms)
			ProcessInitializeOnLoadMethodAttributes (23ms)
			AfterProcessingInitializeOnLoad (5ms)
			EditorAssembliesLoaded (0ms)
		ExecutionOrderSort2 (0ms)
		AwakeInstancesAfterBackupRestoration (7ms)
Refreshing native plugins compatible for Editor in 0.86 ms, found 3 plugins.
Preloading 0 native plugins for Editor in 0.00 ms.
Unloading 5 Unused Serialized files (Serialized files now loaded: 0)
Unloading 3825 unused Assets / (1.8 MB). Loaded Objects now: 4395.
Memory consumption went from 110.5 MB to 108.7 MB.
Total: 7.248700 ms (FindLiveObjects: 0.469400 ms CreateObjectMapping: 0.582400 ms MarkObjects: 4.465000 ms  DeleteObjects: 1.730700 ms)

Prepare: number of updated asset objects reloaded= 0
========================================================================
Received Prepare
Refreshing native plugins compatible for Editor in 1.08 ms, found 3 plugins.
Preloading 0 native plugins for Editor in 0.00 ms.
Unloading 5 Unused Serialized files (Serialized files now loaded: 0)
Unloading 3818 unused Assets / (1.7 MB). Loaded Objects now: 4395.
Memory consumption went from 110.7 MB to 109.0 MB.
Total: 6.729700 ms (FindLiveObjects: 0.455600 ms CreateObjectMapping: 0.527400 ms MarkObjects: 4.441800 ms  DeleteObjects: 1.304300 ms)

Prepare: number of updated asset objects reloaded= 0
========================================================================
Received Prepare
Begin MonoManager ReloadAssembly
- Loaded All Assemblies, in  0.602 seconds
Refreshing native plugins compatible for Editor in 0.85 ms, found 3 plugins.
Native extension for WindowsStandalone target not found
Native extension for WebGL target not found
Mono: successfully reloaded assembly
- Finished resetting the current domain, in  0.545 seconds
Domain Reload Profiling: 1147ms
	BeginReloadAssembly (185ms)
		ExecutionOrderSort (0ms)
		DisableScriptedObjects (5ms)
		BackupInstance (0ms)
		ReleaseScriptingObjects (0ms)
		CreateAndSetChildDomain (49ms)
	RebuildCommonClasses (37ms)
	RebuildNativeTypeToScriptingClass (12ms)
	initialDomainReloadingComplete (25ms)
	LoadAllAssembliesAndSetupDomain (344ms)
		LoadAssemblies (269ms)
		RebuildTransferFunctionScriptingTraits (0ms)
		AnalyzeDomain (169ms)
			TypeCache.Refresh (9ms)
				TypeCache.ScanAssembly (1ms)
			BuildScriptInfoCaches (153ms)
			ResolveRequiredComponents (4ms)
	FinalizeReload (546ms)
		ReleaseScriptCaches (0ms)
		RebuildScriptCaches (0ms)
		SetupLoadedEditorAssemblies (431ms)
			LogAssemblyErrors (0ms)
			InitializePlatformSupportModulesInManaged (3ms)
			SetLoadedEditorAssemblies (4ms)
			BeforeProcessingInitializeOnLoad (84ms)
			ProcessInitializeOnLoadAttributes (314ms)
			ProcessInitializeOnLoadMethodAttributes (21ms)
			AfterProcessingInitializeOnLoad (4ms)
			EditorAssembliesLoaded (0ms)
		ExecutionOrderSort2 (0ms)
		AwakeInstancesAfterBackupRestoration (7ms)
Refreshing native plugins compatible for Editor in 0.86 ms, found 3 plugins.
Preloading 0 native plugins for Editor in 0.00 ms.
Unloading 5 Unused Serialized files (Serialized files now loaded: 0)
Unloading 3825 unused Assets / (1.5 MB). Loaded Objects now: 4395.
Memory consumption went from 110.5 MB to 109.0 MB.
Total: 5.669000 ms (FindLiveObjects: 0.409400 ms CreateObjectMapping: 0.216900 ms MarkObjects: 4.024800 ms  DeleteObjects: 1.017000 ms)

Prepare: number of updated asset objects reloaded= 0
========================================================================
Received Prepare
Refreshing native plugins compatible for Editor in 0.88 ms, found 3 plugins.
Preloading 0 native plugins for Editor in 0.00 ms.
Unloading 5 Unused Serialized files (Serialized files now loaded: 0)
Unloading 3818 unused Assets / (2.1 MB). Loaded Objects now: 4395.
Memory consumption went from 110.7 MB to 108.6 MB.
Total: 7.230300 ms (FindLiveObjects: 0.475500 ms CreateObjectMapping: 0.251100 ms MarkObjects: 4.525500 ms  DeleteObjects: 1.976600 ms)

Prepare: number of updated asset objects reloaded= 0
========================================================================
Received Prepare
Begin MonoManager ReloadAssembly
- Loaded All Assemblies, in  0.577 seconds
Refreshing native plugins compatible for Editor in 1.02 ms, found 3 plugins.
Native extension for WindowsStandalone target not found
Native extension for WebGL target not found
Mono: successfully reloaded assembly
- Finished resetting the current domain, in  0.533 seconds
Domain Reload Profiling: 1111ms
	BeginReloadAssembly (176ms)
		ExecutionOrderSort (0ms)
		DisableScriptedObjects (5ms)
		BackupInstance (0ms)
		ReleaseScriptingObjects (0ms)
		CreateAndSetChildDomain (43ms)
	RebuildCommonClasses (41ms)
	RebuildNativeTypeToScriptingClass (13ms)
	initialDomainReloadingComplete (25ms)
	LoadAllAssembliesAndSetupDomain (322ms)
		LoadAssemblies (272ms)
		RebuildTransferFunctionScriptingTraits (0ms)
		AnalyzeDomain (141ms)
			TypeCache.Refresh (9ms)
				TypeCache.ScanAssembly (1ms)
			BuildScriptInfoCaches (125ms)
			ResolveRequiredComponents (5ms)
	FinalizeReload (534ms)
		ReleaseScriptCaches (0ms)
		RebuildScriptCaches (0ms)
		SetupLoadedEditorAssemblies (424ms)
			LogAssemblyErrors (0ms)
			InitializePlatformSupportModulesInManaged (3ms)
			SetLoadedEditorAssemblies (4ms)
			BeforeProcessingInitializeOnLoad (81ms)
			ProcessInitializeOnLoadAttributes (311ms)
			ProcessInitializeOnLoadMethodAttributes (21ms)
			AfterProcessingInitializeOnLoad (4ms)
			EditorAssembliesLoaded (0ms)
		ExecutionOrderSort2 (0ms)
		AwakeInstancesAfterBackupRestoration (6ms)
Refreshing native plugins compatible for Editor in 1.08 ms, found 3 plugins.
Preloading 0 native plugins for Editor in 0.00 ms.
Unloading 5 Unused Serialized files (Serialized files now loaded: 0)
Unloading 3825 unused Assets / (1.6 MB). Loaded Objects now: 4395.
Memory consumption went from 110.5 MB to 108.9 MB.
Total: 6.087000 ms (FindLiveObjects: 0.437900 ms CreateObjectMapping: 0.262500 ms MarkObjects: 4.217200 ms  DeleteObjects: 1.168500 ms)

Prepare: number of updated asset objects reloaded= 0
========================================================================
Received Prepare
Begin MonoManager ReloadAssembly
- Loaded All Assemblies, in  0.565 seconds
Refreshing native plugins compatible for Editor in 0.74 ms, found 3 plugins.
Native extension for WindowsStandalone target not found
Native extension for WebGL target not found
Mono: successfully reloaded assembly
- Finished resetting the current domain, in  0.577 seconds
Domain Reload Profiling: 1142ms
	BeginReloadAssembly (181ms)
		ExecutionOrderSort (0ms)
		DisableScriptedObjects (6ms)
		BackupInstance (0ms)
		ReleaseScriptingObjects (0ms)
		CreateAndSetChildDomain (45ms)
	RebuildCommonClasses (33ms)
	RebuildNativeTypeToScriptingClass (11ms)
	initialDomainReloadingComplete (26ms)
	LoadAllAssembliesAndSetupDomain (314ms)
		LoadAssemblies (271ms)
		RebuildTransferFunctionScriptingTraits (0ms)
		AnalyzeDomain (136ms)
			TypeCache.Refresh (5ms)
				TypeCache.ScanAssembly (0ms)
			BuildScriptInfoCaches (123ms)
			ResolveRequiredComponents (4ms)
	FinalizeReload (577ms)
		ReleaseScriptCaches (0ms)
		RebuildScriptCaches (0ms)
		SetupLoadedEditorAssemblies (453ms)
			LogAssemblyErrors (0ms)
			InitializePlatformSupportModulesInManaged (3ms)
			SetLoadedEditorAssemblies (5ms)
			BeforeProcessingInitializeOnLoad (85ms)
			ProcessInitializeOnLoadAttributes (335ms)
			ProcessInitializeOnLoadMethodAttributes (21ms)
			AfterProcessingInitializeOnLoad (4ms)
			EditorAssembliesLoaded (0ms)
		ExecutionOrderSort2 (0ms)
		AwakeInstancesAfterBackupRestoration (7ms)
Refreshing native plugins compatible for Editor in 1.16 ms, found 3 plugins.
Preloading 0 native plugins for Editor in 0.00 ms.
Unloading 5 Unused Serialized files (Serialized files now loaded: 0)
Unloading 3825 unused Assets / (1.5 MB). Loaded Objects now: 4395.
Memory consumption went from 110.5 MB to 109.0 MB.
Total: 6.344400 ms (FindLiveObjects: 0.444200 ms CreateObjectMapping: 0.250400 ms MarkObjects: 4.520800 ms  DeleteObjects: 1.128200 ms)

Prepare: number of updated asset objects reloaded= 0
========================================================================
Received Prepare
Refreshing native plugins compatible for Editor in 1.06 ms, found 3 plugins.
Preloading 0 native plugins for Editor in 0.00 ms.
Unloading 5 Unused Serialized files (Serialized files now loaded: 0)
Unloading 3818 unused Assets / (1.7 MB). Loaded Objects now: 4395.
Memory consumption went from 110.7 MB to 109.0 MB.
Total: 6.783200 ms (FindLiveObjects: 0.432400 ms CreateObjectMapping: 0.245400 ms MarkObjects: 4.563200 ms  DeleteObjects: 1.540600 ms)

Prepare: number of updated asset objects reloaded= 0
========================================================================
Received Prepare
Begin MonoManager ReloadAssembly
- Loaded All Assemblies, in  0.783 seconds
Refreshing native plugins compatible for Editor in 1.15 ms, found 3 plugins.
Native extension for WindowsStandalone target not found
Native extension for WebGL target not found
Mono: successfully reloaded assembly
- Finished resetting the current domain, in  0.765 seconds
Domain Reload Profiling: 1549ms
	BeginReloadAssembly (259ms)
		ExecutionOrderSort (0ms)
		DisableScriptedObjects (10ms)
		BackupInstance (0ms)
		ReleaseScriptingObjects (0ms)
		CreateAndSetChildDomain (54ms)
	RebuildCommonClasses (74ms)
	RebuildNativeTypeToScriptingClass (17ms)
	initialDomainReloadingComplete (32ms)
	LoadAllAssembliesAndSetupDomain (403ms)
		LoadAssemblies (377ms)
		RebuildTransferFunctionScriptingTraits (0ms)
		AnalyzeDomain (170ms)
			TypeCache.Refresh (10ms)
				TypeCache.ScanAssembly (2ms)
			BuildScriptInfoCaches (152ms)
			ResolveRequiredComponents (5ms)
	FinalizeReload (765ms)
		ReleaseScriptCaches (0ms)
		RebuildScriptCaches (0ms)
		SetupLoadedEditorAssemblies (626ms)
			LogAssemblyErrors (0ms)
			InitializePlatformSupportModulesInManaged (3ms)
			SetLoadedEditorAssemblies (4ms)
			BeforeProcessingInitializeOnLoad (134ms)
			ProcessInitializeOnLoadAttributes (446ms)
			ProcessInitializeOnLoadMethodAttributes (31ms)
			AfterProcessingInitializeOnLoad (8ms)
			EditorAssembliesLoaded (0ms)
		ExecutionOrderSort2 (0ms)
		AwakeInstancesAfterBackupRestoration (10ms)
Refreshing native plugins compatible for Editor in 1.31 ms, found 3 plugins.
Preloading 0 native plugins for Editor in 0.00 ms.
Unloading 5 Unused Serialized files (Serialized files now loaded: 0)
Unloading 3825 unused Assets / (1.5 MB). Loaded Objects now: 4395.
Memory consumption went from 110.5 MB to 109.0 MB.
Total: 7.801100 ms (FindLiveObjects: 0.666700 ms CreateObjectMapping: 0.780900 ms MarkObjects: 4.898800 ms  DeleteObjects: 1.453600 ms)

Prepare: number of updated asset objects reloaded= 0
========================================================================
Received Prepare
Refreshing native plugins compatible for Editor in 1.10 ms, found 3 plugins.
Preloading 0 native plugins for Editor in 0.00 ms.
Unloading 5 Unused Serialized files (Serialized files now loaded: 0)
Unloading 3818 unused Assets / (1.8 MB). Loaded Objects now: 4395.
Memory consumption went from 110.7 MB to 108.9 MB.
Total: 7.895300 ms (FindLiveObjects: 0.418400 ms CreateObjectMapping: 0.479100 ms MarkObjects: 5.308200 ms  DeleteObjects: 1.688700 ms)

Prepare: number of updated asset objects reloaded= 0
========================================================================
Received Prepare
Refreshing native plugins compatible for Editor in 1.09 ms, found 3 plugins.
Preloading 0 native plugins for Editor in 0.00 ms.
Unloading 5 Unused Serialized files (Serialized files now loaded: 0)
Unloading 3818 unused Assets / (1.7 MB). Loaded Objects now: 4395.
Memory consumption went from 110.7 MB to 109.0 MB.
Total: 7.408400 ms (FindLiveObjects: 0.600400 ms CreateObjectMapping: 0.349500 ms MarkObjects: 4.928300 ms  DeleteObjects: 1.529000 ms)

Prepare: number of updated asset objects reloaded= 0
========================================================================
Received Prepare
Begin MonoManager ReloadAssembly
- Loaded All Assemblies, in  0.664 seconds
Refreshing native plugins compatible for Editor in 1.32 ms, found 3 plugins.
Native extension for WindowsStandalone target not found
Native extension for WebGL target not found
Mono: successfully reloaded assembly
- Finished resetting the current domain, in  0.694 seconds
Domain Reload Profiling: 1359ms
	BeginReloadAssembly (204ms)
		ExecutionOrderSort (0ms)
		DisableScriptedObjects (6ms)
		BackupInstance (0ms)
		ReleaseScriptingObjects (0ms)
		CreateAndSetChildDomain (48ms)
	RebuildCommonClasses (33ms)
	RebuildNativeTypeToScriptingClass (12ms)
	initialDomainReloadingComplete (25ms)
	LoadAllAssembliesAndSetupDomain (391ms)
		LoadAssemblies (314ms)
		RebuildTransferFunctionScriptingTraits (0ms)
		AnalyzeDomain (188ms)
			TypeCache.Refresh (10ms)
				TypeCache.ScanAssembly (2ms)
			BuildScriptInfoCaches (168ms)
			ResolveRequiredComponents (7ms)
	FinalizeReload (695ms)
		ReleaseScriptCaches (0ms)
		RebuildScriptCaches (0ms)
		SetupLoadedEditorAssemblies (520ms)
			LogAssemblyErrors (0ms)
			InitializePlatformSupportModulesInManaged (4ms)
			SetLoadedEditorAssemblies (6ms)
			BeforeProcessingInitializeOnLoad (106ms)
			ProcessInitializeOnLoadAttributes (377ms)
			ProcessInitializeOnLoadMethodAttributes (22ms)
			AfterProcessingInitializeOnLoad (4ms)
			EditorAssembliesLoaded (0ms)
		ExecutionOrderSort2 (0ms)
		AwakeInstancesAfterBackupRestoration (6ms)
Refreshing native plugins compatible for Editor in 1.06 ms, found 3 plugins.
Preloading 0 native plugins for Editor in 0.00 ms.
Unloading 5 Unused Serialized files (Serialized files now loaded: 0)
Unloading 3825 unused Assets / (1.8 MB). Loaded Objects now: 4395.
Memory consumption went from 110.5 MB to 108.7 MB.
Total: 7.190400 ms (FindLiveObjects: 0.404500 ms CreateObjectMapping: 0.495200 ms MarkObjects: 4.595300 ms  DeleteObjects: 1.694100 ms)

Prepare: number of updated asset objects reloaded= 0
========================================================================
Received Prepare
Refreshing native plugins compatible for Editor in 0.85 ms, found 3 plugins.
Preloading 0 native plugins for Editor in 0.00 ms.
Unloading 5 Unused Serialized files (Serialized files now loaded: 0)
Unloading 3818 unused Assets / (1.5 MB). Loaded Objects now: 4395.
Memory consumption went from 110.7 MB to 109.1 MB.
Total: 5.744100 ms (FindLiveObjects: 0.409400 ms CreateObjectMapping: 0.215300 ms MarkObjects: 4.011500 ms  DeleteObjects: 1.107000 ms)

Prepare: number of updated asset objects reloaded= 0
========================================================================
Received Prepare
Begin MonoManager ReloadAssembly
- Loaded All Assemblies, in  0.573 seconds
Refreshing native plugins compatible for Editor in 0.78 ms, found 3 plugins.
Native extension for WindowsStandalone target not found
Native extension for WebGL target not found
Mono: successfully reloaded assembly
- Finished resetting the current domain, in  0.521 seconds
Domain Reload Profiling: 1095ms
	BeginReloadAssembly (194ms)
		ExecutionOrderSort (0ms)
		DisableScriptedObjects (6ms)
		BackupInstance (0ms)
		ReleaseScriptingObjects (0ms)
		CreateAndSetChildDomain (48ms)
	RebuildCommonClasses (34ms)
	RebuildNativeTypeToScriptingClass (11ms)
	initialDomainReloadingComplete (24ms)
	LoadAllAssembliesAndSetupDomain (309ms)
		LoadAssemblies (269ms)
		RebuildTransferFunctionScriptingTraits (0ms)
		AnalyzeDomain (138ms)
			TypeCache.Refresh (8ms)
				TypeCache.ScanAssembly (1ms)
			BuildScriptInfoCaches (122ms)
			ResolveRequiredComponents (4ms)
	FinalizeReload (521ms)
		ReleaseScriptCaches (0ms)
		RebuildScriptCaches (0ms)
		SetupLoadedEditorAssemblies (415ms)
			LogAssemblyErrors (0ms)
			InitializePlatformSupportModulesInManaged (3ms)
			SetLoadedEditorAssemblies (5ms)
			BeforeProcessingInitializeOnLoad (80ms)
			ProcessInitializeOnLoadAttributes (302ms)
			ProcessInitializeOnLoadMethodAttributes (21ms)
			AfterProcessingInitializeOnLoad (4ms)
			EditorAssembliesLoaded (0ms)
		ExecutionOrderSort2 (0ms)
		AwakeInstancesAfterBackupRestoration (6ms)
Refreshing native plugins compatible for Editor in 0.85 ms, found 3 plugins.
Preloading 0 native plugins for Editor in 0.00 ms.
Unloading 5 Unused Serialized files (Serialized files now loaded: 0)
Unloading 3825 unused Assets / (1.7 MB). Loaded Objects now: 4395.
Memory consumption went from 110.5 MB to 108.8 MB.
Total: 6.410900 ms (FindLiveObjects: 0.430700 ms CreateObjectMapping: 0.257200 ms MarkObjects: 4.445000 ms  DeleteObjects: 1.277100 ms)

Prepare: number of updated asset objects reloaded= 0
========================================================================
Received Prepare
Refreshing native plugins compatible for Editor in 1.22 ms, found 3 plugins.
Preloading 0 native plugins for Editor in 0.00 ms.
Unloading 5 Unused Serialized files (Serialized files now loaded: 0)
Unloading 3818 unused Assets / (1.9 MB). Loaded Objects now: 4395.
Memory consumption went from 110.7 MB to 108.7 MB.
Total: 7.345900 ms (FindLiveObjects: 0.504900 ms CreateObjectMapping: 0.316600 ms MarkObjects: 4.792400 ms  DeleteObjects: 1.730500 ms)

Prepare: number of updated asset objects reloaded= 0
========================================================================
Received Prepare
Refreshing native plugins compatible for Editor in 0.88 ms, found 3 plugins.
Preloading 0 native plugins for Editor in 0.00 ms.
Unloading 5 Unused Serialized files (Serialized files now loaded: 0)
Unloading 3818 unused Assets / (0.6 MB). Loaded Objects now: 4395.
Memory consumption went from 110.7 MB to 110.0 MB.
Total: 13.488900 ms (FindLiveObjects: 0.625000 ms CreateObjectMapping: 0.338300 ms MarkObjects: 10.777900 ms  DeleteObjects: 1.746100 ms)

Prepare: number of updated asset objects reloaded= 0
========================================================================
Received Prepare
Begin MonoManager ReloadAssembly
- Loaded All Assemblies, in  0.725 seconds
Refreshing native plugins compatible for Editor in 0.83 ms, found 3 plugins.
Native extension for WindowsStandalone target not found
Native extension for WebGL target not found
Mono: successfully reloaded assembly
- Finished resetting the current domain, in  0.725 seconds
Domain Reload Profiling: 1450ms
	BeginReloadAssembly (216ms)
		ExecutionOrderSort (0ms)
		DisableScriptedObjects (8ms)
		BackupInstance (0ms)
		ReleaseScriptingObjects (0ms)
		CreateAndSetChildDomain (55ms)
	RebuildCommonClasses (42ms)
	RebuildNativeTypeToScriptingClass (19ms)
	initialDomainReloadingComplete (37ms)
	LoadAllAssembliesAndSetupDomain (409ms)
		LoadAssemblies (339ms)
		RebuildTransferFunctionScriptingTraits (0ms)
		AnalyzeDomain (184ms)
			TypeCache.Refresh (8ms)
				TypeCache.ScanAssembly (1ms)
			BuildScriptInfoCaches (164ms)
			ResolveRequiredComponents (7ms)
	FinalizeReload (726ms)
		ReleaseScriptCaches (0ms)
		RebuildScriptCaches (0ms)
		SetupLoadedEditorAssemblies (570ms)
			LogAssemblyErrors (0ms)
			InitializePlatformSupportModulesInManaged (4ms)
			SetLoadedEditorAssemblies (5ms)
			BeforeProcessingInitializeOnLoad (108ms)
			ProcessInitializeOnLoadAttributes (425ms)
			ProcessInitializeOnLoadMethodAttributes (21ms)
			AfterProcessingInitializeOnLoad (7ms)
			EditorAssembliesLoaded (0ms)
		ExecutionOrderSort2 (0ms)
		AwakeInstancesAfterBackupRestoration (10ms)
Refreshing native plugins compatible for Editor in 1.37 ms, found 3 plugins.
Preloading 0 native plugins for Editor in 0.00 ms.
Unloading 5 Unused Serialized files (Serialized files now loaded: 0)
Unloading 3825 unused Assets / (2.2 MB). Loaded Objects now: 4395.
Memory consumption went from 110.5 MB to 108.3 MB.
Total: 9.258300 ms (FindLiveObjects: 0.465900 ms CreateObjectMapping: 0.300000 ms MarkObjects: 6.447900 ms  DeleteObjects: 2.043100 ms)

Prepare: number of updated asset objects reloaded= 0
========================================================================
Received Prepare
Begin MonoManager ReloadAssembly
- Loaded All Assemblies, in  0.566 seconds
Refreshing native plugins compatible for Editor in 0.75 ms, found 3 plugins.
Native extension for WindowsStandalone target not found
Native extension for WebGL target not found
Mono: successfully reloaded assembly
- Finished resetting the current domain, in  0.569 seconds
Domain Reload Profiling: 1135ms
	BeginReloadAssembly (179ms)
		ExecutionOrderSort (0ms)
		DisableScriptedObjects (5ms)
		BackupInstance (0ms)
		ReleaseScriptingObjects (0ms)
		CreateAndSetChildDomain (42ms)
	RebuildCommonClasses (32ms)
	RebuildNativeTypeToScriptingClass (11ms)
	initialDomainReloadingComplete (27ms)
	LoadAllAssembliesAndSetupDomain (316ms)
		LoadAssemblies (273ms)
		RebuildTransferFunctionScriptingTraits (0ms)
		AnalyzeDomain (137ms)
			TypeCache.Refresh (5ms)
				TypeCache.ScanAssembly (0ms)
			BuildScriptInfoCaches (124ms)
			ResolveRequiredComponents (4ms)
	FinalizeReload (570ms)
		ReleaseScriptCaches (0ms)
		RebuildScriptCaches (0ms)
		SetupLoadedEditorAssemblies (453ms)
			LogAssemblyErrors (0ms)
			InitializePlatformSupportModulesInManaged (3ms)
			SetLoadedEditorAssemblies (4ms)
			BeforeProcessingInitializeOnLoad (84ms)
			ProcessInitializeOnLoadAttributes (333ms)
			ProcessInitializeOnLoadMethodAttributes (23ms)
			AfterProcessingInitializeOnLoad (5ms)
			EditorAssembliesLoaded (0ms)
		ExecutionOrderSort2 (0ms)
		AwakeInstancesAfterBackupRestoration (6ms)
Refreshing native plugins compatible for Editor in 0.95 ms, found 3 plugins.
Preloading 0 native plugins for Editor in 0.00 ms.
Unloading 5 Unused Serialized files (Serialized files now loaded: 0)
Unloading 3825 unused Assets / (1.5 MB). Loaded Objects now: 4395.
Memory consumption went from 110.5 MB to 109.0 MB.
Total: 6.139500 ms (FindLiveObjects: 0.663600 ms CreateObjectMapping: 0.225700 ms MarkObjects: 4.145700 ms  DeleteObjects: 1.103600 ms)

Prepare: number of updated asset objects reloaded= 0
========================================================================
Received Prepare
Begin MonoManager ReloadAssembly
- Loaded All Assemblies, in  0.565 seconds
Refreshing native plugins compatible for Editor in 0.79 ms, found 3 plugins.
Native extension for WindowsStandalone target not found
Native extension for WebGL target not found
Mono: successfully reloaded assembly
- Finished resetting the current domain, in  0.554 seconds
Domain Reload Profiling: 1120ms
	BeginReloadAssembly (183ms)
		ExecutionOrderSort (0ms)
		DisableScriptedObjects (5ms)
		BackupInstance (0ms)
		ReleaseScriptingObjects (0ms)
		CreateAndSetChildDomain (42ms)
	RebuildCommonClasses (35ms)
	RebuildNativeTypeToScriptingClass (11ms)
	initialDomainReloadingComplete (26ms)
	LoadAllAssembliesAndSetupDomain (310ms)
		LoadAssemblies (271ms)
		RebuildTransferFunctionScriptingTraits (0ms)
		AnalyzeDomain (137ms)
			TypeCache.Refresh (5ms)
				TypeCache.ScanAssembly (0ms)
			BuildScriptInfoCaches (124ms)
			ResolveRequiredComponents (4ms)
	FinalizeReload (555ms)
		ReleaseScriptCaches (0ms)
		RebuildScriptCaches (0ms)
		SetupLoadedEditorAssemblies (447ms)
			LogAssemblyErrors (0ms)
			InitializePlatformSupportModulesInManaged (3ms)
			SetLoadedEditorAssemblies (5ms)
			BeforeProcessingInitializeOnLoad (85ms)
			ProcessInitializeOnLoadAttributes (328ms)
			ProcessInitializeOnLoadMethodAttributes (22ms)
			AfterProcessingInitializeOnLoad (4ms)
			EditorAssembliesLoaded (0ms)
		ExecutionOrderSort2 (0ms)
		AwakeInstancesAfterBackupRestoration (7ms)
Refreshing native plugins compatible for Editor in 1.23 ms, found 3 plugins.
Preloading 0 native plugins for Editor in 0.00 ms.
Unloading 5 Unused Serialized files (Serialized files now loaded: 0)
Unloading 3825 unused Assets / (1.5 MB). Loaded Objects now: 4395.
Memory consumption went from 110.5 MB to 109.0 MB.
Total: 5.745600 ms (FindLiveObjects: 0.463200 ms CreateObjectMapping: 0.263900 ms MarkObjects: 3.992000 ms  DeleteObjects: 1.025500 ms)

Prepare: number of updated asset objects reloaded= 0
========================================================================
Received Prepare
Begin MonoManager ReloadAssembly
- Loaded All Assemblies, in  0.579 seconds
Refreshing native plugins compatible for Editor in 0.93 ms, found 3 plugins.
Native extension for WindowsStandalone target not found
Native extension for WebGL target not found
Mono: successfully reloaded assembly
- Finished resetting the current domain, in  0.572 seconds
Domain Reload Profiling: 1151ms
	BeginReloadAssembly (180ms)
		ExecutionOrderSort (0ms)
		DisableScriptedObjects (5ms)
		BackupInstance (0ms)
		ReleaseScriptingObjects (0ms)
		CreateAndSetChildDomain (43ms)
	RebuildCommonClasses (33ms)
	RebuildNativeTypeToScriptingClass (11ms)
	initialDomainReloadingComplete (26ms)
	LoadAllAssembliesAndSetupDomain (329ms)
		LoadAssemblies (271ms)
		RebuildTransferFunctionScriptingTraits (0ms)
		AnalyzeDomain (153ms)
			TypeCache.Refresh (7ms)
				TypeCache.ScanAssembly (0ms)
			BuildScriptInfoCaches (138ms)
			ResolveRequiredComponents (4ms)
	FinalizeReload (572ms)
		ReleaseScriptCaches (0ms)
		RebuildScriptCaches (0ms)
		SetupLoadedEditorAssemblies (453ms)
			LogAssemblyErrors (0ms)
			InitializePlatformSupportModulesInManaged (3ms)
			SetLoadedEditorAssemblies (5ms)
			BeforeProcessingInitializeOnLoad (86ms)
			ProcessInitializeOnLoadAttributes (332ms)
			ProcessInitializeOnLoadMethodAttributes (22ms)
			AfterProcessingInitializeOnLoad (4ms)
			EditorAssembliesLoaded (0ms)
		ExecutionOrderSort2 (0ms)
		AwakeInstancesAfterBackupRestoration (7ms)
Refreshing native plugins compatible for Editor in 0.85 ms, found 3 plugins.
Preloading 0 native plugins for Editor in 0.00 ms.
Unloading 5 Unused Serialized files (Serialized files now loaded: 0)
Unloading 3825 unused Assets / (1.7 MB). Loaded Objects now: 4395.
Memory consumption went from 110.5 MB to 108.8 MB.
Total: 7.892100 ms (FindLiveObjects: 0.736800 ms CreateObjectMapping: 0.796200 ms MarkObjects: 5.019400 ms  DeleteObjects: 1.338900 ms)

Prepare: number of updated asset objects reloaded= 0
========================================================================
Received Prepare
Refreshing native plugins compatible for Editor in 1.24 ms, found 3 plugins.
Preloading 0 native plugins for Editor in 0.00 ms.
Unloading 5 Unused Serialized files (Serialized files now loaded: 0)
Unloading 3818 unused Assets / (2.2 MB). Loaded Objects now: 4395.
Memory consumption went from 110.7 MB to 108.5 MB.
Total: 8.259200 ms (FindLiveObjects: 0.680300 ms CreateObjectMapping: 0.381600 ms MarkObjects: 5.363600 ms  DeleteObjects: 1.832400 ms)

Prepare: number of updated asset objects reloaded= 0
========================================================================
Received Prepare
Begin MonoManager ReloadAssembly
- Loaded All Assemblies, in  0.697 seconds
Refreshing native plugins compatible for Editor in 1.57 ms, found 3 plugins.
Native extension for WindowsStandalone target not found
Native extension for WebGL target not found
Mono: successfully reloaded assembly
- Finished resetting the current domain, in  0.816 seconds
Domain Reload Profiling: 1514ms
	BeginReloadAssembly (223ms)
		ExecutionOrderSort (0ms)
		DisableScriptedObjects (5ms)
		BackupInstance (0ms)
		ReleaseScriptingObjects (0ms)
		CreateAndSetChildDomain (49ms)
	RebuildCommonClasses (49ms)
	RebuildNativeTypeToScriptingClass (12ms)
	initialDomainReloadingComplete (28ms)
	LoadAllAssembliesAndSetupDomain (386ms)
		LoadAssemblies (343ms)
		RebuildTransferFunctionScriptingTraits (0ms)
		AnalyzeDomain (166ms)
			TypeCache.Refresh (9ms)
				TypeCache.ScanAssembly (1ms)
			BuildScriptInfoCaches (146ms)
			ResolveRequiredComponents (7ms)
	FinalizeReload (816ms)
		ReleaseScriptCaches (0ms)
		RebuildScriptCaches (0ms)
		SetupLoadedEditorAssemblies (616ms)
			LogAssemblyErrors (0ms)
			InitializePlatformSupportModulesInManaged (4ms)
			SetLoadedEditorAssemblies (7ms)
			BeforeProcessingInitializeOnLoad (115ms)
			ProcessInitializeOnLoadAttributes (451ms)
			ProcessInitializeOnLoadMethodAttributes (32ms)
			AfterProcessingInitializeOnLoad (7ms)
			EditorAssembliesLoaded (0ms)
		ExecutionOrderSort2 (0ms)
		AwakeInstancesAfterBackupRestoration (10ms)
Refreshing native plugins compatible for Editor in 1.14 ms, found 3 plugins.
Preloading 0 native plugins for Editor in 0.00 ms.
Unloading 5 Unused Serialized files (Serialized files now loaded: 0)
Unloading 3825 unused Assets / (1.6 MB). Loaded Objects now: 4395.
Memory consumption went from 110.5 MB to 108.9 MB.
Total: 6.894000 ms (FindLiveObjects: 0.413500 ms CreateObjectMapping: 0.506400 ms MarkObjects: 4.473400 ms  DeleteObjects: 1.499900 ms)

Prepare: number of updated asset objects reloaded= 0
========================================================================
Received Prepare
Refreshing native plugins compatible for Editor in 0.99 ms, found 3 plugins.
Preloading 0 native plugins for Editor in 0.00 ms.
Unloading 5 Unused Serialized files (Serialized files now loaded: 0)
Unloading 3818 unused Assets / (1.5 MB). Loaded Objects now: 4395.
Memory consumption went from 110.7 MB to 109.2 MB.
Total: 6.920100 ms (FindLiveObjects: 0.407800 ms CreateObjectMapping: 0.255300 ms MarkObjects: 4.982000 ms  DeleteObjects: 1.273900 ms)

Prepare: number of updated asset objects reloaded= 0
========================================================================
Received Prepare
Begin MonoManager ReloadAssembly
- Loaded All Assemblies, in  0.756 seconds
Refreshing native plugins compatible for Editor in 0.99 ms, found 3 plugins.
Native extension for WindowsStandalone target not found
Native extension for WebGL target not found
Mono: successfully reloaded assembly
- Finished resetting the current domain, in  0.773 seconds
Domain Reload Profiling: 1524ms
	BeginReloadAssembly (230ms)
		ExecutionOrderSort (0ms)
		DisableScriptedObjects (9ms)
		BackupInstance (0ms)
		ReleaseScriptingObjects (0ms)
		CreateAndSetChildDomain (53ms)
	RebuildCommonClasses (48ms)
	RebuildNativeTypeToScriptingClass (19ms)
	initialDomainReloadingComplete (36ms)
	LoadAllAssembliesAndSetupDomain (418ms)
		LoadAssemblies (335ms)
		RebuildTransferFunctionScriptingTraits (0ms)
		AnalyzeDomain (205ms)
			TypeCache.Refresh (12ms)
				TypeCache.ScanAssembly (2ms)
			BuildScriptInfoCaches (186ms)
			ResolveRequiredComponents (4ms)
	FinalizeReload (774ms)
		ReleaseScriptCaches (0ms)
		RebuildScriptCaches (0ms)
		SetupLoadedEditorAssemblies (621ms)
			LogAssemblyErrors (0ms)
			InitializePlatformSupportModulesInManaged (4ms)
			SetLoadedEditorAssemblies (6ms)
			BeforeProcessingInitializeOnLoad (115ms)
			ProcessInitializeOnLoadAttributes (457ms)
			ProcessInitializeOnLoadMethodAttributes (31ms)
			AfterProcessingInitializeOnLoad (8ms)
			EditorAssembliesLoaded (0ms)
		ExecutionOrderSort2 (0ms)
		AwakeInstancesAfterBackupRestoration (10ms)
Refreshing native plugins compatible for Editor in 1.16 ms, found 3 plugins.
Preloading 0 native plugins for Editor in 0.00 ms.
Unloading 5 Unused Serialized files (Serialized files now loaded: 0)
Unloading 3825 unused Assets / (1.6 MB). Loaded Objects now: 4395.
Memory consumption went from 110.5 MB to 108.9 MB.
Total: 7.532200 ms (FindLiveObjects: 0.462600 ms CreateObjectMapping: 0.564100 ms MarkObjects: 4.945800 ms  DeleteObjects: 1.558600 ms)

Prepare: number of updated asset objects reloaded= 0
========================================================================
Received Prepare
Refreshing native plugins compatible for Editor in 0.89 ms, found 3 plugins.
Preloading 0 native plugins for Editor in 0.00 ms.
Unloading 5 Unused Serialized files (Serialized files now loaded: 0)
Unloading 3818 unused Assets / (1.8 MB). Loaded Objects now: 4395.
Memory consumption went from 110.7 MB to 108.9 MB.
Total: 6.977000 ms (FindLiveObjects: 0.437700 ms CreateObjectMapping: 0.527200 ms MarkObjects: 4.688200 ms  DeleteObjects: 1.323100 ms)

Prepare: number of updated asset objects reloaded= 0
========================================================================
Received Prepare
Begin MonoManager ReloadAssembly
- Loaded All Assemblies, in  0.589 seconds
Refreshing native plugins compatible for Editor in 0.76 ms, found 3 plugins.
Native extension for WindowsStandalone target not found
Native extension for WebGL target not found
Mono: successfully reloaded assembly
- Finished resetting the current domain, in  0.610 seconds
Domain Reload Profiling: 1199ms
	BeginReloadAssembly (193ms)
		ExecutionOrderSort (0ms)
		DisableScriptedObjects (5ms)
		BackupInstance (0ms)
		ReleaseScriptingObjects (0ms)
		CreateAndSetChildDomain (52ms)
	RebuildCommonClasses (36ms)
	RebuildNativeTypeToScriptingClass (12ms)
	initialDomainReloadingComplete (25ms)
	LoadAllAssembliesAndSetupDomain (323ms)
		LoadAssemblies (278ms)
		RebuildTransferFunctionScriptingTraits (0ms)
		AnalyzeDomain (141ms)
			TypeCache.Refresh (8ms)
				TypeCache.ScanAssembly (1ms)
			BuildScriptInfoCaches (126ms)
			ResolveRequiredComponents (4ms)
	FinalizeReload (610ms)
		ReleaseScriptCaches (0ms)
		RebuildScriptCaches (0ms)
		SetupLoadedEditorAssemblies (470ms)
			LogAssemblyErrors (0ms)
			InitializePlatformSupportModulesInManaged (3ms)
			SetLoadedEditorAssemblies (7ms)
			BeforeProcessingInitializeOnLoad (115ms)
			ProcessInitializeOnLoadAttributes (319ms)
			ProcessInitializeOnLoadMethodAttributes (21ms)
			AfterProcessingInitializeOnLoad (4ms)
			EditorAssembliesLoaded (0ms)
		ExecutionOrderSort2 (0ms)
		AwakeInstancesAfterBackupRestoration (6ms)
Refreshing native plugins compatible for Editor in 0.90 ms, found 3 plugins.
Preloading 0 native plugins for Editor in 0.00 ms.
Unloading 5 Unused Serialized files (Serialized files now loaded: 0)
Unloading 3825 unused Assets / (1.6 MB). Loaded Objects now: 4395.
Memory consumption went from 110.5 MB to 108.9 MB.
Total: 6.331100 ms (FindLiveObjects: 0.416600 ms CreateObjectMapping: 0.497100 ms MarkObjects: 4.230900 ms  DeleteObjects: 1.185600 ms)

Prepare: number of updated asset objects reloaded= 0
========================================================================
Received Prepare
Begin MonoManager ReloadAssembly
- Loaded All Assemblies, in  0.712 seconds
Refreshing native plugins compatible for Editor in 1.12 ms, found 3 plugins.
Native extension for WindowsStandalone target not found
Native extension for WebGL target not found
Mono: successfully reloaded assembly
- Finished resetting the current domain, in  0.694 seconds
Domain Reload Profiling: 1405ms
	BeginReloadAssembly (230ms)
		ExecutionOrderSort (0ms)
		DisableScriptedObjects (8ms)
		BackupInstance (0ms)
		ReleaseScriptingObjects (0ms)
		CreateAndSetChildDomain (50ms)
	RebuildCommonClasses (44ms)
	RebuildNativeTypeToScriptingClass (11ms)
	initialDomainReloadingComplete (26ms)
	LoadAllAssembliesAndSetupDomain (399ms)
		LoadAssemblies (346ms)
		RebuildTransferFunctionScriptingTraits (0ms)
		AnalyzeDomain (178ms)
			TypeCache.Refresh (6ms)
				TypeCache.ScanAssembly (0ms)
			BuildScriptInfoCaches (164ms)
			ResolveRequiredComponents (4ms)
	FinalizeReload (694ms)
		ReleaseScriptCaches (0ms)
		RebuildScriptCaches (0ms)
		SetupLoadedEditorAssemblies (549ms)
			LogAssemblyErrors (0ms)
			InitializePlatformSupportModulesInManaged (3ms)
			SetLoadedEditorAssemblies (6ms)
			BeforeProcessingInitializeOnLoad (111ms)
			ProcessInitializeOnLoadAttributes (397ms)
			ProcessInitializeOnLoadMethodAttributes (27ms)
			AfterProcessingInitializeOnLoad (4ms)
			EditorAssembliesLoaded (0ms)
		ExecutionOrderSort2 (0ms)
		AwakeInstancesAfterBackupRestoration (6ms)
Refreshing native plugins compatible for Editor in 0.88 ms, found 3 plugins.
Preloading 0 native plugins for Editor in 0.00 ms.
Unloading 5 Unused Serialized files (Serialized files now loaded: 0)
Unloading 3825 unused Assets / (1.4 MB). Loaded Objects now: 4395.
Memory consumption went from 110.5 MB to 109.1 MB.
Total: 5.588200 ms (FindLiveObjects: 0.403400 ms CreateObjectMapping: 0.202900 ms MarkObjects: 3.995100 ms  DeleteObjects: 0.986100 ms)

Prepare: number of updated asset objects reloaded= 0
========================================================================
Received Prepare
Begin MonoManager ReloadAssembly
- Loaded All Assemblies, in  0.560 seconds
Refreshing native plugins compatible for Editor in 0.79 ms, found 3 plugins.
Native extension for WindowsStandalone target not found
Native extension for WebGL target not found
Mono: successfully reloaded assembly
- Finished resetting the current domain, in  0.592 seconds
Domain Reload Profiling: 1152ms
	BeginReloadAssembly (186ms)
		ExecutionOrderSort (0ms)
		DisableScriptedObjects (5ms)
		BackupInstance (0ms)
		ReleaseScriptingObjects (0ms)
		CreateAndSetChildDomain (50ms)
	RebuildCommonClasses (33ms)
	RebuildNativeTypeToScriptingClass (11ms)
	initialDomainReloadingComplete (25ms)
	LoadAllAssembliesAndSetupDomain (304ms)
		LoadAssemblies (261ms)
		RebuildTransferFunctionScriptingTraits (0ms)
		AnalyzeDomain (137ms)
			TypeCache.Refresh (5ms)
				TypeCache.ScanAssembly (0ms)
			BuildScriptInfoCaches (125ms)
			ResolveRequiredComponents (4ms)
	FinalizeReload (592ms)
		ReleaseScriptCaches (0ms)
		RebuildScriptCaches (0ms)
		SetupLoadedEditorAssemblies (476ms)
			LogAssemblyErrors (0ms)
			InitializePlatformSupportModulesInManaged (4ms)
			SetLoadedEditorAssemblies (5ms)
			BeforeProcessingInitializeOnLoad (92ms)
			ProcessInitializeOnLoadAttributes (347ms)
			ProcessInitializeOnLoadMethodAttributes (23ms)
			AfterProcessingInitializeOnLoad (5ms)
			EditorAssembliesLoaded (0ms)
		ExecutionOrderSort2 (0ms)
		AwakeInstancesAfterBackupRestoration (7ms)
Refreshing native plugins compatible for Editor in 0.88 ms, found 3 plugins.
Preloading 0 native plugins for Editor in 0.00 ms.
Unloading 5 Unused Serialized files (Serialized files now loaded: 0)
Unloading 3825 unused Assets / (1.7 MB). Loaded Objects now: 4395.
Memory consumption went from 110.5 MB to 108.9 MB.
Total: 7.177900 ms (FindLiveObjects: 0.447500 ms CreateObjectMapping: 0.752200 ms MarkObjects: 4.654200 ms  DeleteObjects: 1.322800 ms)

Prepare: number of updated asset objects reloaded= 0
========================================================================
Received Import Request.
  Time since last request: 841.263773 seconds.
  path: ProjectSettings/TagManager.asset
  artifactKey: Guid(00000000000000003000000000000000) Importer(815301076,1909f56bfc062723c751e8b465ee728b)
Start importing ProjectSettings/TagManager.asset using Guid(00000000000000003000000000000000) Importer(815301076,1909f56bfc062723c751e8b465ee728b) (PreviewImporter) -> (artifact id: 'cee5d8990e02c8091464879eeb772584') in 0.0189535 seconds
Number of updated asset objects reloaded before import = 0Number of asset objects unloaded after import = 0

========================================================================
Received Prepare
Refreshing native plugins compatible for Editor in 1.32 ms, found 3 plugins.
Preloading 0 native plugins for Editor in 0.00 ms.
Unloading 5 Unused Serialized files (Serialized files now loaded: 0)
Unloading 3819 unused Assets / (2.1 MB). Loaded Objects now: 4395.
Memory consumption went from 110.7 MB to 108.6 MB.
Total: 9.985700 ms (FindLiveObjects: 0.677400 ms CreateObjectMapping: 0.337600 ms MarkObjects: 7.067900 ms  DeleteObjects: 1.901400 ms)

Prepare: number of updated asset objects reloaded= 0
========================================================================
Received Prepare
Begin MonoManager ReloadAssembly
- Loaded All Assemblies, in  0.665 seconds
Refreshing native plugins compatible for Editor in 1.97 ms, found 3 plugins.
Native extension for WindowsStandalone target not found
Native extension for WebGL target not found
Mono: successfully reloaded assembly
- Finished resetting the current domain, in  0.671 seconds
Domain Reload Profiling: 1334ms
	BeginReloadAssembly (211ms)
		ExecutionOrderSort (0ms)
		DisableScriptedObjects (6ms)
		BackupInstance (0ms)
		ReleaseScriptingObjects (0ms)
		CreateAndSetChildDomain (46ms)
	RebuildCommonClasses (42ms)
	RebuildNativeTypeToScriptingClass (11ms)
	initialDomainReloadingComplete (31ms)
	LoadAllAssembliesAndSetupDomain (367ms)
		LoadAssemblies (341ms)
		RebuildTransferFunctionScriptingTraits (0ms)
		AnalyzeDomain (141ms)
			TypeCache.Refresh (10ms)
				TypeCache.ScanAssembly (2ms)
			BuildScriptInfoCaches (124ms)
			ResolveRequiredComponents (4ms)
	FinalizeReload (671ms)
		ReleaseScriptCaches (0ms)
		RebuildScriptCaches (0ms)
		SetupLoadedEditorAssemblies (528ms)
			LogAssemblyErrors (0ms)
			InitializePlatformSupportModulesInManaged (3ms)
			SetLoadedEditorAssemblies (5ms)
			BeforeProcessingInitializeOnLoad (101ms)
			ProcessInitializeOnLoadAttributes (392ms)
			ProcessInitializeOnLoadMethodAttributes (22ms)
			AfterProcessingInitializeOnLoad (4ms)
			EditorAssembliesLoaded (0ms)
		ExecutionOrderSort2 (0ms)
		AwakeInstancesAfterBackupRestoration (6ms)
Refreshing native plugins compatible for Editor in 1.21 ms, found 3 plugins.
Preloading 0 native plugins for Editor in 0.00 ms.
Unloading 5 Unused Serialized files (Serialized files now loaded: 0)
Unloading 3825 unused Assets / (1.5 MB). Loaded Objects now: 4395.
Memory consumption went from 110.5 MB to 109.0 MB.
Total: 6.508100 ms (FindLiveObjects: 0.484300 ms CreateObjectMapping: 0.304200 ms MarkObjects: 4.420600 ms  DeleteObjects: 1.297900 ms)

Prepare: number of updated asset objects reloaded= 0
========================================================================
Received Import Request.
  Time since last request: 224.088221 seconds.
  path: Assets/Flooded_Grounds/Content/Meshes/mBuildings/mVilla2/Villa2_Wall_Cor_B.fbx
  artifactKey: Guid(49b691abea49c6e499af47b3d1a680c6) Importer(815301076,1909f56bfc062723c751e8b465ee728b)
Start importing Assets/Flooded_Grounds/Content/Meshes/mBuildings/mVilla2/Villa2_Wall_Cor_B.fbx using Guid(49b691abea49c6e499af47b3d1a680c6) Importer(815301076,1909f56bfc062723c751e8b465ee728b) (PreviewImporter) -> (artifact id: 'da771c30fd0d94a74164d3e412fbc95c') in 0.1290216 seconds
Number of updated asset objects reloaded before import = 0Number of asset objects unloaded after import = 7

========================================================================
Received Import Request.
  Time since last request: 0.000032 seconds.
  path: Assets/Flooded_Grounds/Content/Meshes/mBuildings/mVilla2/Villa2_Wall_Int_A.fbx
  artifactKey: Guid(a79322822d34c9a439a2fbb5dc1d7ec5) Importer(815301076,1909f56bfc062723c751e8b465ee728b)
Start importing Assets/Flooded_Grounds/Content/Meshes/mBuildings/mVilla2/Villa2_Wall_Int_A.fbx using Guid(a79322822d34c9a439a2fbb5dc1d7ec5) Importer(815301076,1909f56bfc062723c751e8b465ee728b) (PreviewImporter) -> (artifact id: '54169c4b47116a4d84d8e0c98d06d425') in 0.0213418 seconds
Number of updated asset objects reloaded before import = 0Number of asset objects unloaded after import = 7

========================================================================
Received Import Request.
  Time since last request: 0.000057 seconds.
  path: Assets/Flooded_Grounds/Content/Meshes/mBuildings/mVilla2/Villa2_Wall_Mid_E.fbx
  artifactKey: Guid(f541faddef363a44bb98ab27fb36668b) Importer(815301076,1909f56bfc062723c751e8b465ee728b)
Start importing Assets/Flooded_Grounds/Content/Meshes/mBuildings/mVilla2/Villa2_Wall_Mid_E.fbx using Guid(f541faddef363a44bb98ab27fb36668b) Importer(815301076,1909f56bfc062723c751e8b465ee728b) (PreviewImporter) -> (artifact id: 'd5eb786a65baefb352d9d43cb938326b') in 0.0228129 seconds
Number of updated asset objects reloaded before import = 0Number of asset objects unloaded after import = 7

========================================================================
Received Import Request.
  Time since last request: 0.000019 seconds.
  path: Assets/Flooded_Grounds/Content/Meshes/mBuildings/mVilla2/Villa2_Wall_Mid_A.fbx
  artifactKey: Guid(1734aa20b000ddf44a644518efe5268a) Importer(815301076,1909f56bfc062723c751e8b465ee728b)
Start importing Assets/Flooded_Grounds/Content/Meshes/mBuildings/mVilla2/Villa2_Wall_Mid_A.fbx using Guid(1734aa20b000ddf44a644518efe5268a) Importer(815301076,1909f56bfc062723c751e8b465ee728b) (PreviewImporter) -> (artifact id: 'ae91385add5bf7ae9296c0eea7c5fa48') in 0.0167968 seconds
Number of updated asset objects reloaded before import = 0Number of asset objects unloaded after import = 7

========================================================================
Received Import Request.
  Time since last request: 0.000017 seconds.
  path: Assets/Flooded_Grounds/Content/Meshes/mBuildings/mVilla2/Villa2_Wall_Mid_C.fbx
  artifactKey: Guid(f474bed2579e4d24f93d4a697f07baf4) Importer(815301076,1909f56bfc062723c751e8b465ee728b)
Start importing Assets/Flooded_Grounds/Content/Meshes/mBuildings/mVilla2/Villa2_Wall_Mid_C.fbx using Guid(f474bed2579e4d24f93d4a697f07baf4) Importer(815301076,1909f56bfc062723c751e8b465ee728b) (PreviewImporter) -> (artifact id: '6173b2384ca0043d277cc81e1841931c') in 0.0188994 seconds
Number of updated asset objects reloaded before import = 0Number of asset objects unloaded after import = 7

========================================================================
Received Import Request.
  Time since last request: 0.000016 seconds.
  path: Assets/Flooded_Grounds/Content/Meshes/mBuildings/mVilla2/Villa2_Wall_Ext_A_COL.fbx
  artifactKey: Guid(1182b798a2fdbcc41ab391b565c18417) Importer(815301076,1909f56bfc062723c751e8b465ee728b)
Start importing Assets/Flooded_Grounds/Content/Meshes/mBuildings/mVilla2/Villa2_Wall_Ext_A_COL.fbx using Guid(1182b798a2fdbcc41ab391b565c18417) Importer(815301076,1909f56bfc062723c751e8b465ee728b) (PreviewImporter) -> (artifact id: 'c66e3e96ede2584d34365f9ae9a528b6') in 0.023398 seconds
Number of updated asset objects reloaded before import = 0Number of asset objects unloaded after import = 7

========================================================================
Received Import Request.
  Time since last request: 0.000018 seconds.
  path: Assets/Flooded_Grounds/Content/Meshes/mBuildings/mVilla2/Villa2_Wall_Int_B.fbx
  artifactKey: Guid(c386420031e9c484182f7920f158c313) Importer(815301076,1909f56bfc062723c751e8b465ee728b)
Start importing Assets/Flooded_Grounds/Content/Meshes/mBuildings/mVilla2/Villa2_Wall_Int_B.fbx using Guid(c386420031e9c484182f7920f158c313) Importer(815301076,1909f56bfc062723c751e8b465ee728b) (PreviewImporter) -> (artifact id: '0099c7094760d6826314b9fac0e1ee7b') in 0.0236245 seconds
Number of updated asset objects reloaded before import = 0Number of asset objects unloaded after import = 7

========================================================================
Received Import Request.
  Time since last request: 1.266498 seconds.
  path: Assets/Flooded_Grounds/Content/Meshes/mBuildings/mVilla2/Villa2_Top_Cor_A.fbx
  artifactKey: Guid(f2b14a4ed4d4e784ba757352dd8432e3) Importer(815301076,1909f56bfc062723c751e8b465ee728b)
Start importing Assets/Flooded_Grounds/Content/Meshes/mBuildings/mVilla2/Villa2_Top_Cor_A.fbx using Guid(f2b14a4ed4d4e784ba757352dd8432e3) Importer(815301076,1909f56bfc062723c751e8b465ee728b) (PreviewImporter) -> (artifact id: '8d5df58c34d0f5cd69995d55800e2c18') in 0.0196626 seconds
Number of updated asset objects reloaded before import = 0Number of asset objects unloaded after import = 7

========================================================================
Received Import Request.
  Time since last request: 0.000032 seconds.
  path: Assets/Flooded_Grounds/Content/Meshes/mBuildings/mVilla2/Villa2_Top_Cor_C.fbx
  artifactKey: Guid(8c56f6f982a971643a69658635f23313) Importer(815301076,1909f56bfc062723c751e8b465ee728b)
Start importing Assets/Flooded_Grounds/Content/Meshes/mBuildings/mVilla2/Villa2_Top_Cor_C.fbx using Guid(8c56f6f982a971643a69658635f23313) Importer(815301076,1909f56bfc062723c751e8b465ee728b) (PreviewImporter) -> (artifact id: 'f5e6037becfd332d26fc9d42918d1852') in 0.020957 seconds
Number of updated asset objects reloaded before import = 0Number of asset objects unloaded after import = 7

========================================================================
Received Import Request.
  Time since last request: 0.000022 seconds.
  path: Assets/Flooded_Grounds/Content/Meshes/mBuildings/mVilla2/Villa2_Wall_Cor_A.fbx
  artifactKey: Guid(82342e89cae02884288aff5809271912) Importer(815301076,1909f56bfc062723c751e8b465ee728b)
Start importing Assets/Flooded_Grounds/Content/Meshes/mBuildings/mVilla2/Villa2_Wall_Cor_A.fbx using Guid(82342e89cae02884288aff5809271912) Importer(815301076,1909f56bfc062723c751e8b465ee728b) (PreviewImporter) -> (artifact id: '8e3209d64858f50f1fa8553aae0b2616') in 0.0256808 seconds
Number of updated asset objects reloaded before import = 0Number of asset objects unloaded after import = 7

========================================================================
Received Import Request.
  Time since last request: 0.006511 seconds.
  path: Assets/Flooded_Grounds/Content/Meshes/mBuildings/mVilla2/Villa2_IntStairs_A_COL.fbx
  artifactKey: Guid(f3acf8c6d2709d747bec015a6281a927) Importer(815301076,1909f56bfc062723c751e8b465ee728b)
Start importing Assets/Flooded_Grounds/Content/Meshes/mBuildings/mVilla2/Villa2_IntStairs_A_COL.fbx using Guid(f3acf8c6d2709d747bec015a6281a927) Importer(815301076,1909f56bfc062723c751e8b465ee728b) (PreviewImporter) -> (artifact id: '9f119629cc04019baaf43c0eb1d1c533') in 0.0149365 seconds
Number of updated asset objects reloaded before import = 0Number of asset objects unloaded after import = 7

========================================================================
Received Import Request.
  Time since last request: 0.000019 seconds.
  path: Assets/Flooded_Grounds/Content/Meshes/mBuildings/mVilla2/Villa2_IntStairs_B_COL.fbx
  artifactKey: Guid(ff5b3bb432adde946bb798fed576dfa6) Importer(815301076,1909f56bfc062723c751e8b465ee728b)
Start importing Assets/Flooded_Grounds/Content/Meshes/mBuildings/mVilla2/Villa2_IntStairs_B_COL.fbx using Guid(ff5b3bb432adde946bb798fed576dfa6) Importer(815301076,1909f56bfc062723c751e8b465ee728b) (PreviewImporter) -> (artifact id: 'c1cef94858c7fc64305dc9d4770e2da8') in 0.0181678 seconds
Number of updated asset objects reloaded before import = 0Number of asset objects unloaded after import = 7

========================================================================
Received Import Request.
  Time since last request: 0.000021 seconds.
  path: Assets/Flooded_Grounds/Content/Meshes/mBuildings/mVilla2/Villa2_Roof_Mid_A.fbx
  artifactKey: Guid(9e52b13d1b472ec4d90d7bc47e19842d) Importer(815301076,1909f56bfc062723c751e8b465ee728b)
Start importing Assets/Flooded_Grounds/Content/Meshes/mBuildings/mVilla2/Villa2_Roof_Mid_A.fbx using Guid(9e52b13d1b472ec4d90d7bc47e19842d) Importer(815301076,1909f56bfc062723c751e8b465ee728b) (PreviewImporter) -> (artifact id: '131a86d4fffc177dd6adab04e7959ac8') in 0.0209255 seconds
Number of updated asset objects reloaded before import = 0Number of asset objects unloaded after import = 7

========================================================================
Received Import Request.
  Time since last request: 0.007211 seconds.
  path: Assets/Flooded_Grounds/Content/Meshes/mBuildings/mVilla2/Villa2_Door_A.fbx
  artifactKey: Guid(18b3a5bc912e52242b16bd2f42d6407b) Importer(815301076,1909f56bfc062723c751e8b465ee728b)
Start importing Assets/Flooded_Grounds/Content/Meshes/mBuildings/mVilla2/Villa2_Door_A.fbx using Guid(18b3a5bc912e52242b16bd2f42d6407b) Importer(815301076,1909f56bfc062723c751e8b465ee728b) (PreviewImporter) -> (artifact id: 'f23b354aa1108bcbdb46ee1636d2bd2f') in 0.0151327 seconds
Number of updated asset objects reloaded before import = 0Number of asset objects unloaded after import = 7

========================================================================
Received Import Request.
  Time since last request: 0.000020 seconds.
  path: Assets/Flooded_Grounds/Content/Meshes/mBuildings/mVilla2/Villa2_Floor_Mid_A.fbx
  artifactKey: Guid(b8aad3ed58473334d9381ade6fb19780) Importer(815301076,1909f56bfc062723c751e8b465ee728b)
Start importing Assets/Flooded_Grounds/Content/Meshes/mBuildings/mVilla2/Villa2_Floor_Mid_A.fbx using Guid(b8aad3ed58473334d9381ade6fb19780) Importer(815301076,1909f56bfc062723c751e8b465ee728b) (PreviewImporter) -> (artifact id: '886302db26fcc67558263a57ef03baa3') in 0.0163867 seconds
Number of updated asset objects reloaded before import = 0Number of asset objects unloaded after import = 7

========================================================================
Received Import Request.
  Time since last request: 0.000025 seconds.
  path: Assets/Flooded_Grounds/Content/Meshes/mBuildings/mVilla2/Villa2_Floor_Mid_B.fbx
  artifactKey: Guid(bce99ade65d5fee418c6e9541397fb3e) Importer(815301076,1909f56bfc062723c751e8b465ee728b)
Start importing Assets/Flooded_Grounds/Content/Meshes/mBuildings/mVilla2/Villa2_Floor_Mid_B.fbx using Guid(bce99ade65d5fee418c6e9541397fb3e) Importer(815301076,1909f56bfc062723c751e8b465ee728b) (PreviewImporter) -> (artifact id: '25c58f78b181af64ae94c594deed3bb6') in 0.0247664 seconds
Number of updated asset objects reloaded before import = 0Number of asset objects unloaded after import = 7

========================================================================
Received Import Request.
  Time since last request: 0.197396 seconds.
  path: Assets/Flooded_Grounds/Content/Meshes/mBuildings/mVilla2/Villa2_Deco_Handrail1_Mid_A.fbx
  artifactKey: Guid(e1b329b5ccf8aea4d82ee4ef7c5f0e05) Importer(815301076,1909f56bfc062723c751e8b465ee728b)
Start importing Assets/Flooded_Grounds/Content/Meshes/mBuildings/mVilla2/Villa2_Deco_Handrail1_Mid_A.fbx using Guid(e1b329b5ccf8aea4d82ee4ef7c5f0e05) Importer(815301076,1909f56bfc062723c751e8b465ee728b) (PreviewImporter) -> (artifact id: 'ae61cda271c85464bb5363de2bb1060f') in 0.0234318 seconds
Number of updated asset objects reloaded before import = 0Number of asset objects unloaded after import = 7

========================================================================
Received Import Request.
  Time since last request: 0.000027 seconds.
  path: Assets/Flooded_Grounds/Content/Meshes/mBuildings/mVilla2/Villa2_Deco_RoofPiece_A.fbx
  artifactKey: Guid(2e5465d56d7eba14f994250cf91117bc) Importer(815301076,1909f56bfc062723c751e8b465ee728b)
Start importing Assets/Flooded_Grounds/Content/Meshes/mBuildings/mVilla2/Villa2_Deco_RoofPiece_A.fbx using Guid(2e5465d56d7eba14f994250cf91117bc) Importer(815301076,1909f56bfc062723c751e8b465ee728b) (PreviewImporter) -> (artifact id: '4acedf23d2404799a69bf5264be798f4') in 0.0197905 seconds
Number of updated asset objects reloaded before import = 0Number of asset objects unloaded after import = 7

========================================================================
Received Import Request.
  Time since last request: 0.000022 seconds.
  path: Assets/Flooded_Grounds/Content/Meshes/mBuildings/mVilla2/Villa2_Deco_RoofPiece_C.fbx
  artifactKey: Guid(ccfe8b4c6e87c6146981e97b7a1f8123) Importer(815301076,1909f56bfc062723c751e8b465ee728b)
Start importing Assets/Flooded_Grounds/Content/Meshes/mBuildings/mVilla2/Villa2_Deco_RoofPiece_C.fbx using Guid(ccfe8b4c6e87c6146981e97b7a1f8123) Importer(815301076,1909f56bfc062723c751e8b465ee728b) (PreviewImporter) -> (artifact id: 'edf5dd1649c9bc4039c3a93ce8d4d787') in 0.0248723 seconds
Number of updated asset objects reloaded before import = 0Number of asset objects unloaded after import = 7

========================================================================
Received Import Request.
  Time since last request: 0.237054 seconds.
  path: Assets/Flooded_Grounds/Content/Meshes/mBuildings/mVilla2/Villa2_Deco_Column_Top_B.fbx
  artifactKey: Guid(aeb5a60918fa7f044a31aec548feabe7) Importer(815301076,1909f56bfc062723c751e8b465ee728b)
Start importing Assets/Flooded_Grounds/Content/Meshes/mBuildings/mVilla2/Villa2_Deco_Column_Top_B.fbx using Guid(aeb5a60918fa7f044a31aec548feabe7) Importer(815301076,1909f56bfc062723c751e8b465ee728b) (PreviewImporter) -> (artifact id: 'ef0282570366b5f2c6ed6a832fad6004') in 0.0179194 seconds
Number of updated asset objects reloaded before import = 0Number of asset objects unloaded after import = 7

========================================================================
Received Import Request.
  Time since last request: 0.000018 seconds.
  path: Assets/Flooded_Grounds/Content/Meshes/mBuildings/mVilla2/Villa2_Deco_Handrail1_Cor_A.fbx
  artifactKey: Guid(d032b0438dbb5894699b0ed344386f42) Importer(815301076,1909f56bfc062723c751e8b465ee728b)
Start importing Assets/Flooded_Grounds/Content/Meshes/mBuildings/mVilla2/Villa2_Deco_Handrail1_Cor_A.fbx using Guid(d032b0438dbb5894699b0ed344386f42) Importer(815301076,1909f56bfc062723c751e8b465ee728b) (PreviewImporter) -> (artifact id: '59a88582269be8c261aa2610a53ef455') in 0.0180135 seconds
Number of updated asset objects reloaded before import = 0Number of asset objects unloaded after import = 7

========================================================================
Received Import Request.
  Time since last request: 0.000017 seconds.
  path: Assets/Flooded_Grounds/Content/Meshes/mBuildings/mVilla2/Villa2_Deco_Handrail1_Cor_B_COL.fbx
  artifactKey: Guid(415ea436dd055ab42bd74d612bd80d0c) Importer(815301076,1909f56bfc062723c751e8b465ee728b)
Start importing Assets/Flooded_Grounds/Content/Meshes/mBuildings/mVilla2/Villa2_Deco_Handrail1_Cor_B_COL.fbx using Guid(415ea436dd055ab42bd74d612bd80d0c) Importer(815301076,1909f56bfc062723c751e8b465ee728b) (PreviewImporter) -> (artifact id: '3b9ec8b5a559fd2e135ae6a2bb127c5d') in 0.0188434 seconds
Number of updated asset objects reloaded before import = 0Number of asset objects unloaded after import = 7

========================================================================
Received Import Request.
  Time since last request: 0.000020 seconds.
  path: Assets/Flooded_Grounds/Content/Meshes/mBuildings/mVilla2/Villa2_Deco_Chimney_A.fbx
  artifactKey: Guid(d1a841b429734634bad036e6ce13cbae) Importer(815301076,1909f56bfc062723c751e8b465ee728b)
Start importing Assets/Flooded_Grounds/Content/Meshes/mBuildings/mVilla2/Villa2_Deco_Chimney_A.fbx using Guid(d1a841b429734634bad036e6ce13cbae) Importer(815301076,1909f56bfc062723c751e8b465ee728b) (PreviewImporter) -> (artifact id: '4429a11d0851eac42d9232a7cd218355') in 0.01857 seconds
Number of updated asset objects reloaded before import = 0Number of asset objects unloaded after import = 7

========================================================================
Received Import Request.
  Time since last request: 0.000017 seconds.
  path: Assets/Flooded_Grounds/Content/Meshes/mBuildings/mVilla2/Villa2_Deco_Column_Mid_B.fbx
  artifactKey: Guid(1cc770c065d8ef34fa49da4e6d1386e1) Importer(815301076,1909f56bfc062723c751e8b465ee728b)
Start importing Assets/Flooded_Grounds/Content/Meshes/mBuildings/mVilla2/Villa2_Deco_Column_Mid_B.fbx using Guid(1cc770c065d8ef34fa49da4e6d1386e1) Importer(815301076,1909f56bfc062723c751e8b465ee728b) (PreviewImporter) -> (artifact id: '5e9e609282a39fd70fcf84fe9526dfee') in 0.0210594 seconds
Number of updated asset objects reloaded before import = 0Number of asset objects unloaded after import = 7

========================================================================
Received Import Request.
  Time since last request: 0.000021 seconds.
  path: Assets/Flooded_Grounds/Content/Meshes/mBuildings/mVilla2/Villa2_Deco_Column_Top_A.fbx
  artifactKey: Guid(09a44f70699a409489f373dfddb6db05) Importer(815301076,1909f56bfc062723c751e8b465ee728b)
Start importing Assets/Flooded_Grounds/Content/Meshes/mBuildings/mVilla2/Villa2_Deco_Column_Top_A.fbx using Guid(09a44f70699a409489f373dfddb6db05) Importer(815301076,1909f56bfc062723c751e8b465ee728b) (PreviewImporter) -> (artifact id: '88ea33a7fea0e7e0b454a7b448625ac3') in 0.0241113 seconds
Number of updated asset objects reloaded before import = 0Number of asset objects unloaded after import = 7

========================================================================
Received Import Request.
  Time since last request: 0.011838 seconds.
  path: Assets/Flooded_Grounds/Content/Meshes/mBuildings/mVilla2/Villa2_Base_Cor_B.fbx
  artifactKey: Guid(aff33108ca713d3419f969f76a000678) Importer(815301076,1909f56bfc062723c751e8b465ee728b)
Start importing Assets/Flooded_Grounds/Content/Meshes/mBuildings/mVilla2/Villa2_Base_Cor_B.fbx using Guid(aff33108ca713d3419f969f76a000678) Importer(815301076,1909f56bfc062723c751e8b465ee728b) (PreviewImporter) -> (artifact id: '7382936487d62d0e77b291f08b9d03e2') in 0.017991 seconds
Number of updated asset objects reloaded before import = 0Number of asset objects unloaded after import = 7

========================================================================
Received Import Request.
  Time since last request: 0.000021 seconds.
  path: Assets/Flooded_Grounds/Content/Meshes/mBuildings/mVilla2/Villa2_Base_Mid_A.fbx
  artifactKey: Guid(4ee3222ccf9f06f4dab2b1e8adca2ff2) Importer(815301076,1909f56bfc062723c751e8b465ee728b)
Start importing Assets/Flooded_Grounds/Content/Meshes/mBuildings/mVilla2/Villa2_Base_Mid_A.fbx using Guid(4ee3222ccf9f06f4dab2b1e8adca2ff2) Importer(815301076,1909f56bfc062723c751e8b465ee728b) (PreviewImporter) -> (artifact id: '122208099dc6d5ed4e878eac1faf9a93') in 0.0188041 seconds
Number of updated asset objects reloaded before import = 0Number of asset objects unloaded after import = 7

========================================================================
Received Import Request.
  Time since last request: 0.000021 seconds.
  path: Assets/Flooded_Grounds/Content/Meshes/mBuildings/mVilla2/Villa2_Base_Stairs_A.fbx
  artifactKey: Guid(c13f39f1ce11d7748b3e1f112635cbba) Importer(815301076,1909f56bfc062723c751e8b465ee728b)
Start importing Assets/Flooded_Grounds/Content/Meshes/mBuildings/mVilla2/Villa2_Base_Stairs_A.fbx using Guid(c13f39f1ce11d7748b3e1f112635cbba) Importer(815301076,1909f56bfc062723c751e8b465ee728b) (PreviewImporter) -> (artifact id: '86279d980be959508a78432ea7f88aec') in 0.0266222 seconds
Number of updated asset objects reloaded before import = 0Number of asset objects unloaded after import = 7

========================================================================
Received Import Request.
  Time since last request: 0.942951 seconds.
  path: Assets/Flooded_Grounds/Content/Meshes/mBuildings/mVilla1/Villa1_Wall_Mid_B.fbx
  artifactKey: Guid(fd23624531a719f44a4bf443aabeedb2) Importer(815301076,1909f56bfc062723c751e8b465ee728b)
Start importing Assets/Flooded_Grounds/Content/Meshes/mBuildings/mVilla1/Villa1_Wall_Mid_B.fbx using Guid(fd23624531a719f44a4bf443aabeedb2) Importer(815301076,1909f56bfc062723c751e8b465ee728b) (PreviewImporter) -> (artifact id: 'c527b2e7e35f0b6d60e1380ca2bd641e') in 0.0182975 seconds
Number of updated asset objects reloaded before import = 0Number of asset objects unloaded after import = 7

========================================================================
Received Import Request.
  Time since last request: 0.000019 seconds.
  path: Assets/Flooded_Grounds/Content/Meshes/mBuildings/mVilla1/Villa1_Wall_Mid_D.fbx
  artifactKey: Guid(25f99a0d3086b5c42ac46a2ab24bd6e8) Importer(815301076,1909f56bfc062723c751e8b465ee728b)
Start importing Assets/Flooded_Grounds/Content/Meshes/mBuildings/mVilla1/Villa1_Wall_Mid_D.fbx using Guid(25f99a0d3086b5c42ac46a2ab24bd6e8) Importer(815301076,1909f56bfc062723c751e8b465ee728b) (PreviewImporter) -> (artifact id: '2febe7b0b40c6980cfd646e3cff899a6') in 0.0201268 seconds
Number of updated asset objects reloaded before import = 0Number of asset objects unloaded after import = 7

========================================================================
Received Import Request.
  Time since last request: 0.000036 seconds.
  path: Assets/Flooded_Grounds/Content/Meshes/mBuildings/mVilla2/Villa2_Base_Cor_A.fbx
  artifactKey: Guid(473e0550bfcf5744d908d07506e67a7d) Importer(815301076,1909f56bfc062723c751e8b465ee728b)
Start importing Assets/Flooded_Grounds/Content/Meshes/mBuildings/mVilla2/Villa2_Base_Cor_A.fbx using Guid(473e0550bfcf5744d908d07506e67a7d) Importer(815301076,1909f56bfc062723c751e8b465ee728b) (PreviewImporter) -> (artifact id: '1718f739ee59f361096b36499a8bcfef') in 0.0200506 seconds
Number of updated asset objects reloaded before import = 0Number of asset objects unloaded after import = 7

========================================================================
Received Import Request.
  Time since last request: 0.007427 seconds.
  path: Assets/Flooded_Grounds/Content/Meshes/mBuildings/mVilla1/Villa1_Top_Mid_B.fbx
  artifactKey: Guid(a4da64e6469ddb849af32c4433af3855) Importer(815301076,1909f56bfc062723c751e8b465ee728b)
Start importing Assets/Flooded_Grounds/Content/Meshes/mBuildings/mVilla1/Villa1_Top_Mid_B.fbx using Guid(a4da64e6469ddb849af32c4433af3855) Importer(815301076,1909f56bfc062723c751e8b465ee728b) (PreviewImporter) -> (artifact id: '6e33d037897cd49114fde29427709614') in 0.0208219 seconds
Number of updated asset objects reloaded before import = 0Number of asset objects unloaded after import = 7

========================================================================
Received Import Request.
  Time since last request: 0.000027 seconds.
  path: Assets/Flooded_Grounds/Content/Meshes/mBuildings/mVilla1/Villa1_Wall_Cor_B.fbx
  artifactKey: Guid(59edf5b2f82448443931710724bdde9e) Importer(815301076,1909f56bfc062723c751e8b465ee728b)
Start importing Assets/Flooded_Grounds/Content/Meshes/mBuildings/mVilla1/Villa1_Wall_Cor_B.fbx using Guid(59edf5b2f82448443931710724bdde9e) Importer(815301076,1909f56bfc062723c751e8b465ee728b) (PreviewImporter) -> (artifact id: '02ac1aaee6c65f70aa8d19c4db27d163') in 0.0225684 seconds
Number of updated asset objects reloaded before import = 0Number of asset objects unloaded after import = 7

========================================================================
Received Import Request.
  Time since last request: 0.000034 seconds.
  path: Assets/Flooded_Grounds/Content/Meshes/mBuildings/mVilla1/Villa1_Wall_Int_B.fbx
  artifactKey: Guid(ead2e73ec878f8b42a73e03ff67ff596) Importer(815301076,1909f56bfc062723c751e8b465ee728b)
Start importing Assets/Flooded_Grounds/Content/Meshes/mBuildings/mVilla1/Villa1_Wall_Int_B.fbx using Guid(ead2e73ec878f8b42a73e03ff67ff596) Importer(815301076,1909f56bfc062723c751e8b465ee728b) (PreviewImporter) -> (artifact id: 'dd4e84c6caf5c585eb9984a332efeb36') in 0.0217257 seconds
Number of updated asset objects reloaded before import = 0Number of asset objects unloaded after import = 7

========================================================================
Received Import Request.
  Time since last request: 0.008154 seconds.
  path: Assets/Flooded_Grounds/Content/Meshes/mBuildings/mVilla1/Villa1_IntStairs_B_COL.fbx
  artifactKey: Guid(9a53775da8e00df4abed7f0224716aa3) Importer(815301076,1909f56bfc062723c751e8b465ee728b)
Start importing Assets/Flooded_Grounds/Content/Meshes/mBuildings/mVilla1/Villa1_IntStairs_B_COL.fbx using Guid(9a53775da8e00df4abed7f0224716aa3) Importer(815301076,1909f56bfc062723c751e8b465ee728b) (PreviewImporter) -> (artifact id: '6078228f46fc646620c5cfae66f778fd') in 0.01917 seconds
Number of updated asset objects reloaded before import = 0Number of asset objects unloaded after import = 7

========================================================================
Received Import Request.
  Time since last request: 0.004067 seconds.
  path: Assets/Flooded_Grounds/Content/Meshes/mBuildings/mVilla1/Villa1_Top_Cor1.fbx
  artifactKey: Guid(a8348a8caf68b214e8b9aced3556e8bb) Importer(815301076,1909f56bfc062723c751e8b465ee728b)
Start importing Assets/Flooded_Grounds/Content/Meshes/mBuildings/mVilla1/Villa1_Top_Cor1.fbx using Guid(a8348a8caf68b214e8b9aced3556e8bb) Importer(815301076,1909f56bfc062723c751e8b465ee728b) (PreviewImporter) -> (artifact id: 'b302f152d7962812c2e5ac96f0213f96') in 0.0219464 seconds
Number of updated asset objects reloaded before import = 0Number of asset objects unloaded after import = 7

========================================================================
Received Import Request.
  Time since last request: 0.101852 seconds.
  path: Assets/Flooded_Grounds/Content/Meshes/mBuildings/mVilla1/Villa1_Floor_Mid_B.fbx
  artifactKey: Guid(a8c5be48229be9341b36a57934f9ea49) Importer(815301076,1909f56bfc062723c751e8b465ee728b)
Start importing Assets/Flooded_Grounds/Content/Meshes/mBuildings/mVilla1/Villa1_Floor_Mid_B.fbx using Guid(a8c5be48229be9341b36a57934f9ea49) Importer(815301076,1909f56bfc062723c751e8b465ee728b) (PreviewImporter) -> (artifact id: 'eaeecac52408ae8b84b82cd89eefeb00') in 0.0161837 seconds
Number of updated asset objects reloaded before import = 0Number of asset objects unloaded after import = 7

========================================================================
Received Import Request.
  Time since last request: 0.007304 seconds.
  path: Assets/Flooded_Grounds/Content/Meshes/mBuildings/mVilla1/Villa1_IntStairs_A.fbx
  artifactKey: Guid(70e5c6c9abcfa38428f7dec2ae1298ad) Importer(815301076,1909f56bfc062723c751e8b465ee728b)
Start importing Assets/Flooded_Grounds/Content/Meshes/mBuildings/mVilla1/Villa1_IntStairs_A.fbx using Guid(70e5c6c9abcfa38428f7dec2ae1298ad) Importer(815301076,1909f56bfc062723c751e8b465ee728b) (PreviewImporter) -> (artifact id: '24fa989efb5cc47814af2a73a3835e92') in 0.0236765 seconds
Number of updated asset objects reloaded before import = 0Number of asset objects unloaded after import = 7

========================================================================
Received Import Request.
  Time since last request: 0.024555 seconds.
  path: Assets/Flooded_Grounds/Content/Meshes/mBuildings/mVilla1/Villa1_Deco_IntDivider_A.fbx
  artifactKey: Guid(6e620a913db90694a9a58b3392d3688d) Importer(815301076,1909f56bfc062723c751e8b465ee728b)
Start importing Assets/Flooded_Grounds/Content/Meshes/mBuildings/mVilla1/Villa1_Deco_IntDivider_A.fbx using Guid(6e620a913db90694a9a58b3392d3688d) Importer(815301076,1909f56bfc062723c751e8b465ee728b) (PreviewImporter) -> (artifact id: '3df40d532f4d6e52a40b95297365c901') in 0.0192292 seconds
Number of updated asset objects reloaded before import = 0Number of asset objects unloaded after import = 7

========================================================================
Received Import Request.
  Time since last request: 0.002760 seconds.
  path: Assets/Flooded_Grounds/Content/Meshes/mBuildings/mVilla1/Villa1_Deco_WindowGlass_C.fbx
  artifactKey: Guid(6afaa8d7b325f4b468c5db0d0cf0d3b4) Importer(815301076,1909f56bfc062723c751e8b465ee728b)
Start importing Assets/Flooded_Grounds/Content/Meshes/mBuildings/mVilla1/Villa1_Deco_WindowGlass_C.fbx using Guid(6afaa8d7b325f4b468c5db0d0cf0d3b4) Importer(815301076,1909f56bfc062723c751e8b465ee728b) (PreviewImporter) -> (artifact id: 'cbf465a9a848507b79b2c8dbb2f857aa') in 0.0155992 seconds
Number of updated asset objects reloaded before import = 0Number of asset objects unloaded after import = 7

========================================================================
Received Import Request.
  Time since last request: 0.007804 seconds.
  path: Assets/Flooded_Grounds/Content/Meshes/mBuildings/mVilla1/Villa1_Ext_A.fbx
  artifactKey: Guid(d4f6d897a9fc78244bb719468f1569c0) Importer(815301076,1909f56bfc062723c751e8b465ee728b)
Start importing Assets/Flooded_Grounds/Content/Meshes/mBuildings/mVilla1/Villa1_Ext_A.fbx using Guid(d4f6d897a9fc78244bb719468f1569c0) Importer(815301076,1909f56bfc062723c751e8b465ee728b) (PreviewImporter) -> (artifact id: '29bca1847b38358b4da92f18888516d1') in 0.020497 seconds
Number of updated asset objects reloaded before import = 0Number of asset objects unloaded after import = 7

========================================================================
Received Import Request.
  Time since last request: 0.001241 seconds.
  path: Assets/Flooded_Grounds/Content/Meshes/mBuildings/mVilla1/Villa1_Ext_B_COL.fbx
  artifactKey: Guid(b55200d7448693a43b7a848b11a46f6c) Importer(815301076,1909f56bfc062723c751e8b465ee728b)
Start importing Assets/Flooded_Grounds/Content/Meshes/mBuildings/mVilla1/Villa1_Ext_B_COL.fbx using Guid(b55200d7448693a43b7a848b11a46f6c) Importer(815301076,1909f56bfc062723c751e8b465ee728b) (PreviewImporter) -> (artifact id: '2cc88f9381fbad136659c93f2ff75b5e') in 0.0183938 seconds
Number of updated asset objects reloaded before import = 0Number of asset objects unloaded after import = 7

========================================================================
Received Import Request.
  Time since last request: 0.399597 seconds.
  path: Assets/Flooded_Grounds/Content/Meshes/mBuildings/mVilla1/Villa1_Deco_Column_Top_A.fbx
  artifactKey: Guid(b9a58136eccdcba49a7bb3b09b3036da) Importer(815301076,1909f56bfc062723c751e8b465ee728b)
Start importing Assets/Flooded_Grounds/Content/Meshes/mBuildings/mVilla1/Villa1_Deco_Column_Top_A.fbx using Guid(b9a58136eccdcba49a7bb3b09b3036da) Importer(815301076,1909f56bfc062723c751e8b465ee728b) (PreviewImporter) -> (artifact id: '326fe4abbfd81c6f110973390cbf0a94') in 0.016915 seconds
Number of updated asset objects reloaded before import = 0Number of asset objects unloaded after import = 7

========================================================================
Received Import Request.
  Time since last request: 0.004269 seconds.
  path: Assets/Flooded_Grounds/Content/Meshes/mBuildings/mVilla1/Villa1_Deco_Handrail1_Cor_A_COL.fbx
  artifactKey: Guid(9e41b404f42207945b15f0ffb5253cb2) Importer(815301076,1909f56bfc062723c751e8b465ee728b)
Start importing Assets/Flooded_Grounds/Content/Meshes/mBuildings/mVilla1/Villa1_Deco_Handrail1_Cor_A_COL.fbx using Guid(9e41b404f42207945b15f0ffb5253cb2) Importer(815301076,1909f56bfc062723c751e8b465ee728b) (PreviewImporter) -> (artifact id: 'ee899dc9bc872167c6bdb7f567ce1568') in 0.0203139 seconds
Number of updated asset objects reloaded before import = 0Number of asset objects unloaded after import = 7

========================================================================
Received Import Request.
  Time since last request: 0.022877 seconds.
  path: Assets/Flooded_Grounds/Content/Meshes/mBuildings/mVilla1/Villa1_Base_Mid_A.fbx
  artifactKey: Guid(abb38988e3920b34b8694fa4e1f0193c) Importer(815301076,1909f56bfc062723c751e8b465ee728b)
Start importing Assets/Flooded_Grounds/Content/Meshes/mBuildings/mVilla1/Villa1_Base_Mid_A.fbx using Guid(abb38988e3920b34b8694fa4e1f0193c) Importer(815301076,1909f56bfc062723c751e8b465ee728b) (PreviewImporter) -> (artifact id: 'a368579b23a701532948e345f1268501') in 0.0189044 seconds
Number of updated asset objects reloaded before import = 0Number of asset objects unloaded after import = 7

========================================================================
Received Import Request.
  Time since last request: 0.003962 seconds.
  path: Assets/Flooded_Grounds/Content/Meshes/mBuildings/mVilla1/Villa1_Base_Stairs_A_COL.fbx
  artifactKey: Guid(e7c1a8b720a24e044b003bd80fa39ac0) Importer(815301076,1909f56bfc062723c751e8b465ee728b)
Start importing Assets/Flooded_Grounds/Content/Meshes/mBuildings/mVilla1/Villa1_Base_Stairs_A_COL.fbx using Guid(e7c1a8b720a24e044b003bd80fa39ac0) Importer(815301076,1909f56bfc062723c751e8b465ee728b) (PreviewImporter) -> (artifact id: '847fc7084ae7d9f979c6dd8d17119eae') in 0.0205849 seconds
Number of updated asset objects reloaded before import = 0Number of asset objects unloaded after import = 7

========================================================================
Received Import Request.
  Time since last request: 0.026241 seconds.
  path: Assets/Flooded_Grounds/Content/Meshes/mBuildings/mStructures/Struct_Roundabout_A.fbx
  artifactKey: Guid(252ea566efa16964db6209b227a7281d) Importer(815301076,1909f56bfc062723c751e8b465ee728b)
Start importing Assets/Flooded_Grounds/Content/Meshes/mBuildings/mStructures/Struct_Roundabout_A.fbx using Guid(252ea566efa16964db6209b227a7281d) Importer(815301076,1909f56bfc062723c751e8b465ee728b) (PreviewImporter) -> (artifact id: '45f2568c042279c806f5a24660023a22') in 0.0214801 seconds
Number of updated asset objects reloaded before import = 0Number of asset objects unloaded after import = 7

========================================================================
Received Import Request.
  Time since last request: 0.000028 seconds.
  path: Assets/Flooded_Grounds/Content/Meshes/mBuildings/mStructures/Struct_WoodPath_A.fbx
  artifactKey: Guid(8090ccb464a84444fa067b64fcdd1715) Importer(815301076,1909f56bfc062723c751e8b465ee728b)
Start importing Assets/Flooded_Grounds/Content/Meshes/mBuildings/mStructures/Struct_WoodPath_A.fbx using Guid(8090ccb464a84444fa067b64fcdd1715) Importer(815301076,1909f56bfc062723c751e8b465ee728b) (PreviewImporter) -> (artifact id: '5607f8fe91577b39f44c535fbb9b35fd') in 0.0534438 seconds
Number of updated asset objects reloaded before import = 0Number of asset objects unloaded after import = 20

========================================================================
Received Import Request.
  Time since last request: 0.133738 seconds.
  path: Assets/Flooded_Grounds/Content/Meshes/mBuildings/mStructures/Struct_Pole_B_COL.fbx
  artifactKey: Guid(a01ba4ce8ab06a74480aef96f0c99085) Importer(815301076,1909f56bfc062723c751e8b465ee728b)
Start importing Assets/Flooded_Grounds/Content/Meshes/mBuildings/mStructures/Struct_Pole_B_COL.fbx using Guid(a01ba4ce8ab06a74480aef96f0c99085) Importer(815301076,1909f56bfc062723c751e8b465ee728b) (PreviewImporter) -> (artifact id: '0ab772da4dc83a94505fe51ce9cdf6b3') in 0.0200166 seconds
Number of updated asset objects reloaded before import = 0Number of asset objects unloaded after import = 7

========================================================================
Received Import Request.
  Time since last request: 0.004374 seconds.
  path: Assets/Flooded_Grounds/Content/Meshes/mBuildings/mStructures/Struct_Pavilion_A.fbx
  artifactKey: Guid(96bc21f18d784134caccf6246836dcc0) Importer(815301076,1909f56bfc062723c751e8b465ee728b)
Start importing Assets/Flooded_Grounds/Content/Meshes/mBuildings/mStructures/Struct_Pavilion_A.fbx using Guid(96bc21f18d784134caccf6246836dcc0) Importer(815301076,1909f56bfc062723c751e8b465ee728b) (PreviewImporter) -> (artifact id: '24bf8a8c610a50aedff37785e91b74ed') in 0.0460703 seconds
Number of updated asset objects reloaded before import = 0Number of asset objects unloaded after import = 20

========================================================================
Received Import Request.
  Time since last request: 0.013863 seconds.
  path: Assets/Flooded_Grounds/Content/Meshes/mBuildings/mStructures/Struct_FlowerBox_A.fbx
  artifactKey: Guid(0bcaa992920b03e46be6f4bb603d9f03) Importer(815301076,1909f56bfc062723c751e8b465ee728b)
Start importing Assets/Flooded_Grounds/Content/Meshes/mBuildings/mStructures/Struct_FlowerBox_A.fbx using Guid(0bcaa992920b03e46be6f4bb603d9f03) Importer(815301076,1909f56bfc062723c751e8b465ee728b) (PreviewImporter) -> (artifact id: 'acb90832a0de9d7e8757821dd5b2a7cb') in 0.0195164 seconds
Number of updated asset objects reloaded before import = 0Number of asset objects unloaded after import = 7

========================================================================
Received Import Request.
  Time since last request: 0.000023 seconds.
  path: Assets/Flooded_Grounds/Content/Meshes/mBuildings/mStructures/Struct_Kiosk_A.fbx
  artifactKey: Guid(b6a5282b7fac0e849bbf1ee982362471) Importer(815301076,1909f56bfc062723c751e8b465ee728b)
Start importing Assets/Flooded_Grounds/Content/Meshes/mBuildings/mStructures/Struct_Kiosk_A.fbx using Guid(b6a5282b7fac0e849bbf1ee982362471) Importer(815301076,1909f56bfc062723c751e8b465ee728b) (PreviewImporter) -> (artifact id: '6fa83de0e70a8bcf77b027a9bc001201') in 0.0475522 seconds
Number of updated asset objects reloaded before import = 0Number of asset objects unloaded after import = 20

========================================================================
Received Import Request.
  Time since last request: 0.207451 seconds.
  path: Assets/Flooded_Grounds/Content/Meshes/mBuildings/mStructures/Struct_FloodWall_A.fbx
  artifactKey: Guid(b6f5f20f39618f3458845ad3b76ea872) Importer(815301076,1909f56bfc062723c751e8b465ee728b)
Start importing Assets/Flooded_Grounds/Content/Meshes/mBuildings/mStructures/Struct_FloodWall_A.fbx using Guid(b6f5f20f39618f3458845ad3b76ea872) Importer(815301076,1909f56bfc062723c751e8b465ee728b) (PreviewImporter) -> (artifact id: 'c2d8572dd5992dd0e9e45ddf62784e07') in 0.0456384 seconds
Number of updated asset objects reloaded before import = 0Number of asset objects unloaded after import = 20

========================================================================
Received Import Request.
  Time since last request: 0.011338 seconds.
  path: Assets/Flooded_Grounds/Content/Meshes/mBuildings/mStructures/Struct_Fence1_Mid_B.fbx
  artifactKey: Guid(3ba2d426b1f399a4a9cfaa5e362e5b97) Importer(815301076,1909f56bfc062723c751e8b465ee728b)
Start importing Assets/Flooded_Grounds/Content/Meshes/mBuildings/mStructures/Struct_Fence1_Mid_B.fbx using Guid(3ba2d426b1f399a4a9cfaa5e362e5b97) Importer(815301076,1909f56bfc062723c751e8b465ee728b) (PreviewImporter) -> (artifact id: 'b65784700c7f1e4560746794731ab2a1') in 0.0440916 seconds
Number of updated asset objects reloaded before import = 0Number of asset objects unloaded after import = 20

========================================================================
Received Import Request.
  Time since last request: 0.002758 seconds.
  path: Assets/Flooded_Grounds/Content/Meshes/mBuildings/mStructures/Struct_Fence1_Gate_B.fbx
  artifactKey: Guid(44e1fa61100e81943b5459bacbc07b12) Importer(815301076,1909f56bfc062723c751e8b465ee728b)
Start importing Assets/Flooded_Grounds/Content/Meshes/mBuildings/mStructures/Struct_Fence1_Gate_B.fbx using Guid(44e1fa61100e81943b5459bacbc07b12) Importer(815301076,1909f56bfc062723c751e8b465ee728b) (PreviewImporter) -> (artifact id: '107649d1831072aaffaa2b6aa0da331e') in 0.0406511 seconds
Number of updated asset objects reloaded before import = 0Number of asset objects unloaded after import = 20

========================================================================
Received Import Request.
  Time since last request: 0.298871 seconds.
  path: Assets/Flooded_Grounds/Content/Meshes/mBuildings/mStructures/Struct_Fence1_Gate_A.fbx
  artifactKey: Guid(4d6f4544c5e853f46a65866bb41a68b3) Importer(815301076,1909f56bfc062723c751e8b465ee728b)
Start importing Assets/Flooded_Grounds/Content/Meshes/mBuildings/mStructures/Struct_Fence1_Gate_A.fbx using Guid(4d6f4544c5e853f46a65866bb41a68b3) Importer(815301076,1909f56bfc062723c751e8b465ee728b) (PreviewImporter) -> (artifact id: 'ee48f3638cde9d9450f99b25f11bbb6b') in 0.0434766 seconds
Number of updated asset objects reloaded before import = 0Number of asset objects unloaded after import = 20

========================================================================
Received Import Request.
  Time since last request: 0.000629 seconds.
  path: Assets/Flooded_Grounds/Content/Meshes/mBuildings/mStructures/Struct_Fence1_Column_A_DM.fbx
  artifactKey: Guid(47fe2ca370ffa17488cf7c19d3031ccc) Importer(815301076,1909f56bfc062723c751e8b465ee728b)
Start importing Assets/Flooded_Grounds/Content/Meshes/mBuildings/mStructures/Struct_Fence1_Column_A_DM.fbx using Guid(47fe2ca370ffa17488cf7c19d3031ccc) Importer(815301076,1909f56bfc062723c751e8b465ee728b) (PreviewImporter) -> (artifact id: '4257aed3bf9cb2423d7e4c7f8a293d8d') in 0.0193987 seconds
Number of updated asset objects reloaded before import = 0Number of asset objects unloaded after import = 7

========================================================================
Received Import Request.
  Time since last request: 0.028591 seconds.
  path: Assets/Flooded_Grounds/Content/Meshes/mBuildings/mStructures/Struct_ExtStairs_B_COL.fbx
  artifactKey: Guid(bf5a40df25c64c1488740604956d1aba) Importer(815301076,1909f56bfc062723c751e8b465ee728b)
Start importing Assets/Flooded_Grounds/Content/Meshes/mBuildings/mStructures/Struct_ExtStairs_B_COL.fbx using Guid(bf5a40df25c64c1488740604956d1aba) Importer(815301076,1909f56bfc062723c751e8b465ee728b) (PreviewImporter) -> (artifact id: 'd86be83853ab25b13b42c5e89785c373') in 0.0211352 seconds
Number of updated asset objects reloaded before import = 0Number of asset objects unloaded after import = 7

========================================================================
Received Import Request.
  Time since last request: 0.008768 seconds.
  path: Assets/Flooded_Grounds/Content/Meshes/mBuildings/mStructures/Struct_Docking_A.fbx
  artifactKey: Guid(7c1e212f5d8be114db83421031fbf37b) Importer(815301076,1909f56bfc062723c751e8b465ee728b)
Start importing Assets/Flooded_Grounds/Content/Meshes/mBuildings/mStructures/Struct_Docking_A.fbx using Guid(7c1e212f5d8be114db83421031fbf37b) Importer(815301076,1909f56bfc062723c751e8b465ee728b) (PreviewImporter) -> (artifact id: 'eae1a1350a3664c0c35da38784d8611b') in 0.0453579 seconds
Number of updated asset objects reloaded before import = 0Number of asset objects unloaded after import = 20

========================================================================
Received Import Request.
  Time since last request: 0.162705 seconds.
  path: Assets/Flooded_Grounds/Content/Meshes/mBuildings/mStructures/Struct_Docking_A_DM.fbx
  artifactKey: Guid(4f0b80e5bfd63e848b21c43828f30799) Importer(815301076,1909f56bfc062723c751e8b465ee728b)
Start importing Assets/Flooded_Grounds/Content/Meshes/mBuildings/mStructures/Struct_Docking_A_DM.fbx using Guid(4f0b80e5bfd63e848b21c43828f30799) Importer(815301076,1909f56bfc062723c751e8b465ee728b) (PreviewImporter) -> (artifact id: '8beb53b91c6253c100dd0e23ac844438') in 0.0517817 seconds
Number of updated asset objects reloaded before import = 0Number of asset objects unloaded after import = 20

========================================================================
Received Import Request.
  Time since last request: 0.000022 seconds.
  path: Assets/Flooded_Grounds/Content/Meshes/mBuildings/mStructures/Struct_Docking_A_COL.fbx
  artifactKey: Guid(143a664b353b0ac439702a294cfe4f2f) Importer(815301076,1909f56bfc062723c751e8b465ee728b)
Start importing Assets/Flooded_Grounds/Content/Meshes/mBuildings/mStructures/Struct_Docking_A_COL.fbx using Guid(143a664b353b0ac439702a294cfe4f2f) Importer(815301076,1909f56bfc062723c751e8b465ee728b) (PreviewImporter) -> (artifact id: 'a5a91d0d46fe4bf012d125bbd377a49d') in 0.0196445 seconds
Number of updated asset objects reloaded before import = 0Number of asset objects unloaded after import = 7

========================================================================
Received Import Request.
  Time since last request: 0.005203 seconds.
  path: Assets/Flooded_Grounds/Content/Meshes/mProps/Prop_Ship_A.fbx
  artifactKey: Guid(d7331aa52cb7719449bc9e0fbb3f671c) Importer(815301076,1909f56bfc062723c751e8b465ee728b)
Start importing Assets/Flooded_Grounds/Content/Meshes/mProps/Prop_Ship_A.fbx using Guid(d7331aa52cb7719449bc9e0fbb3f671c) Importer(815301076,1909f56bfc062723c751e8b465ee728b) (PreviewImporter) -> (artifact id: 'dc3c912ecbd823b1937c0c716aa0219b') in 0.0696773 seconds
Number of updated asset objects reloaded before import = 0Number of asset objects unloaded after import = 25

========================================================================
Received Import Request.
  Time since last request: 0.194032 seconds.
  path: Assets/Flooded_Grounds/Content/Meshes/mProps/Prop_Painting_C.fbx
  artifactKey: Guid(23285db713af79049a0cd47f1a8c78cc) Importer(815301076,1909f56bfc062723c751e8b465ee728b)
Start importing Assets/Flooded_Grounds/Content/Meshes/mProps/Prop_Painting_C.fbx using Guid(23285db713af79049a0cd47f1a8c78cc) Importer(815301076,1909f56bfc062723c751e8b465ee728b) (PreviewImporter) -> (artifact id: '6bc1274954965f49a350aa0d8f00f880') in 0.0165172 seconds
Number of updated asset objects reloaded before import = 0Number of asset objects unloaded after import = 7

========================================================================
Received Import Request.
  Time since last request: 0.005724 seconds.
  path: Assets/Flooded_Grounds/Content/Meshes/mProps/Prop_Rug_B.fbx
  artifactKey: Guid(f78cb6b1bea1fb64aa0c84f11c105d87) Importer(815301076,1909f56bfc062723c751e8b465ee728b)
Start importing Assets/Flooded_Grounds/Content/Meshes/mProps/Prop_Rug_B.fbx using Guid(f78cb6b1bea1fb64aa0c84f11c105d87) Importer(815301076,1909f56bfc062723c751e8b465ee728b) (PreviewImporter) -> (artifact id: '60b3980dce50f93c01991fa5665bc41f') in 0.0212569 seconds
Number of updated asset objects reloaded before import = 0Number of asset objects unloaded after import = 7

========================================================================
Received Import Request.
  Time since last request: 0.026088 seconds.
  path: Assets/Flooded_Grounds/Content/Meshes/mBuildings/mCabins/Outhouse_A.fbx
  artifactKey: Guid(ed470f0cea065f241b70c797ddfb0b06) Importer(815301076,1909f56bfc062723c751e8b465ee728b)
Start importing Assets/Flooded_Grounds/Content/Meshes/mBuildings/mCabins/Outhouse_A.fbx using Guid(ed470f0cea065f241b70c797ddfb0b06) Importer(815301076,1909f56bfc062723c751e8b465ee728b) (PreviewImporter) -> (artifact id: '75ea52087022d7d2493e90b6eb8552d1') in 0.0160807 seconds
Number of updated asset objects reloaded before import = 0Number of asset objects unloaded after import = 7

========================================================================
Received Import Request.
  Time since last request: 0.005333 seconds.
  path: Assets/Flooded_Grounds/Content/Meshes/mBuildings/mStructures/Pavement2_End_A.fbx
  artifactKey: Guid(19168a2efac778e44bb83444416d1fb0) Importer(815301076,1909f56bfc062723c751e8b465ee728b)
Start importing Assets/Flooded_Grounds/Content/Meshes/mBuildings/mStructures/Pavement2_End_A.fbx using Guid(19168a2efac778e44bb83444416d1fb0) Importer(815301076,1909f56bfc062723c751e8b465ee728b) (PreviewImporter) -> (artifact id: '73f89de0c068ef6973bc068a097606be') in 0.0189513 seconds
Number of updated asset objects reloaded before import = 0Number of asset objects unloaded after import = 7

========================================================================
Received Import Request.
  Time since last request: 0.901657 seconds.
  path: Assets/Flooded_Grounds/Content/Meshes/mNature/mRocks/lo_Rock_A.fbx
  artifactKey: Guid(9345f632db63d60489ffbd611651385e) Importer(815301076,1909f56bfc062723c751e8b465ee728b)
Start importing Assets/Flooded_Grounds/Content/Meshes/mNature/mRocks/lo_Rock_A.fbx using Guid(9345f632db63d60489ffbd611651385e) Importer(815301076,1909f56bfc062723c751e8b465ee728b) (PreviewImporter) -> (artifact id: '9eb7d79be366a74871119e90736af15c') in 0.1127601 seconds
Number of updated asset objects reloaded before import = 0Number of asset objects unloaded after import = 20

========================================================================
Received Import Request.
  Time since last request: 0.482405 seconds.
  path: Assets/Flooded_Grounds/Content/Meshes/mProps/lo_Prop_Sofa_A.fbx
  artifactKey: Guid(8d26495cd3a904b4da2f6c636f9c466c) Importer(815301076,1909f56bfc062723c751e8b465ee728b)
Start importing Assets/Flooded_Grounds/Content/Meshes/mProps/lo_Prop_Sofa_A.fbx using Guid(8d26495cd3a904b4da2f6c636f9c466c) Importer(815301076,1909f56bfc062723c751e8b465ee728b) (PreviewImporter) -> (artifact id: '9c4b66748ef9b74415bb934562253b06') in 0.0711683 seconds
Number of updated asset objects reloaded before import = 0Number of asset objects unloaded after import = 15

========================================================================
Received Import Request.
  Time since last request: 0.000017 seconds.
  path: Assets/Flooded_Grounds/Content/Meshes/mProps/lo_Prop_SmallTable_A.fbx
  artifactKey: Guid(74088f6e691cf8545a0446010adcc943) Importer(815301076,1909f56bfc062723c751e8b465ee728b)
Start importing Assets/Flooded_Grounds/Content/Meshes/mProps/lo_Prop_SmallTable_A.fbx using Guid(74088f6e691cf8545a0446010adcc943) Importer(815301076,1909f56bfc062723c751e8b465ee728b) (PreviewImporter) -> (artifact id: '3be91b5735c16810a58e81468532a852') in 0.0346102 seconds
Number of updated asset objects reloaded before import = 0Number of asset objects unloaded after import = 15

========================================================================
Received Import Request.
  Time since last request: 0.000021 seconds.
  path: Assets/Flooded_Grounds/Content/Meshes/mProps/lo_Prop_Lamp_D.fbx
  artifactKey: Guid(da7a8ceca3365a343b2a5589e3f8c53e) Importer(815301076,1909f56bfc062723c751e8b465ee728b)
Start importing Assets/Flooded_Grounds/Content/Meshes/mProps/lo_Prop_Lamp_D.fbx using Guid(da7a8ceca3365a343b2a5589e3f8c53e) Importer(815301076,1909f56bfc062723c751e8b465ee728b) (PreviewImporter) -> (artifact id: 'de959c3a620cbf5d36ebf6342fd39355') in 0.0423907 seconds
Number of updated asset objects reloaded before import = 0Number of asset objects unloaded after import = 15

========================================================================
Received Import Request.
  Time since last request: 0.288928 seconds.
  path: Assets/Flooded_Grounds/Content/Meshes/mProps/lo_Prop_Lamp_B.fbx
  artifactKey: Guid(456d7278bbe007241b6fdb6cb5b90de0) Importer(815301076,1909f56bfc062723c751e8b465ee728b)
Start importing Assets/Flooded_Grounds/Content/Meshes/mProps/lo_Prop_Lamp_B.fbx using Guid(456d7278bbe007241b6fdb6cb5b90de0) Importer(815301076,1909f56bfc062723c751e8b465ee728b) (PreviewImporter) -> (artifact id: '21ea436da077c7055a98c2a7593e7204') in 0.0915777 seconds
Number of updated asset objects reloaded before import = 0Number of asset objects unloaded after import = 15

========================================================================
Received Import Request.
  Time since last request: 0.000018 seconds.
  path: Assets/Flooded_Grounds/Content/Meshes/mProps/lo_Prop_ChurchBench_A.fbx
  artifactKey: Guid(1aa9665178251df4bb03fb86ea2eb860) Importer(815301076,1909f56bfc062723c751e8b465ee728b)
Start importing Assets/Flooded_Grounds/Content/Meshes/mProps/lo_Prop_ChurchBench_A.fbx using Guid(1aa9665178251df4bb03fb86ea2eb860) Importer(815301076,1909f56bfc062723c751e8b465ee728b) (PreviewImporter) -> (artifact id: '719604cbd50b8243e59050189eee7ed6') in 0.0298552 seconds
Number of updated asset objects reloaded before import = 0Number of asset objects unloaded after import = 15

========================================================================
Received Import Request.
  Time since last request: 0.000022 seconds.
  path: Assets/Flooded_Grounds/Content/Meshes/mProps/lo_Prop_Gravestone_B.fbx
  artifactKey: Guid(77f6b03b6e453ae479b40116e9371dba) Importer(815301076,1909f56bfc062723c751e8b465ee728b)
Start importing Assets/Flooded_Grounds/Content/Meshes/mProps/lo_Prop_Gravestone_B.fbx using Guid(77f6b03b6e453ae479b40116e9371dba) Importer(815301076,1909f56bfc062723c751e8b465ee728b) (PreviewImporter) -> (artifact id: 'abebe80e7b989539de8429e5d6de3a89') in 0.0179981 seconds
Number of updated asset objects reloaded before import = 0Number of asset objects unloaded after import = 7

========================================================================
Received Import Request.
  Time since last request: 0.000033 seconds.
  path: Assets/Flooded_Grounds/Content/Meshes/mProps/lo_Prop_Gravestone_E.fbx
  artifactKey: Guid(24a2b31c7fe676840828c2b1be5636c5) Importer(815301076,1909f56bfc062723c751e8b465ee728b)
Start importing Assets/Flooded_Grounds/Content/Meshes/mProps/lo_Prop_Gravestone_E.fbx using Guid(24a2b31c7fe676840828c2b1be5636c5) Importer(815301076,1909f56bfc062723c751e8b465ee728b) (PreviewImporter) -> (artifact id: '5c6024863f8b127a2ae49c89cf745ac0') in 0.0227977 seconds
Number of updated asset objects reloaded before import = 0Number of asset objects unloaded after import = 7

========================================================================
Received Import Request.
  Time since last request: 0.366131 seconds.
  path: Assets/Flooded_Grounds/Content/Meshes/mProps/lo_Prop_Chair_A.fbx
  artifactKey: Guid(2c2b719936906794f83caf0dee03e40c) Importer(815301076,1909f56bfc062723c751e8b465ee728b)
Start importing Assets/Flooded_Grounds/Content/Meshes/mProps/lo_Prop_Chair_A.fbx using Guid(2c2b719936906794f83caf0dee03e40c) Importer(815301076,1909f56bfc062723c751e8b465ee728b) (PreviewImporter) -> (artifact id: 'eda54fa9a43a6d2f7a08331f8945d530') in 0.0840538 seconds
Number of updated asset objects reloaded before import = 0Number of asset objects unloaded after import = 15

========================================================================
Received Import Request.
  Time since last request: 0.000031 seconds.
  path: Assets/Flooded_Grounds/Content/Meshes/mProps/lo_Prop_Bed_B.fbx
  artifactKey: Guid(e6d647b65c8b6b74090c58f977304baf) Importer(815301076,1909f56bfc062723c751e8b465ee728b)
Start importing Assets/Flooded_Grounds/Content/Meshes/mProps/lo_Prop_Bed_B.fbx using Guid(e6d647b65c8b6b74090c58f977304baf) Importer(815301076,1909f56bfc062723c751e8b465ee728b) (PreviewImporter) -> (artifact id: '6228bfc894b2a28e909f835730944a51') in 0.0369108 seconds
Number of updated asset objects reloaded before import = 0Number of asset objects unloaded after import = 15

========================================================================
Received Import Request.
  Time since last request: 0.000030 seconds.
  path: Assets/Flooded_Grounds/Content/Meshes/mProps/lo_Prop_Car1_DM.fbx
  artifactKey: Guid(8acc190dad5b9744fab16f0792a78ac1) Importer(815301076,1909f56bfc062723c751e8b465ee728b)
Start importing Assets/Flooded_Grounds/Content/Meshes/mProps/lo_Prop_Car1_DM.fbx using Guid(8acc190dad5b9744fab16f0792a78ac1) Importer(815301076,1909f56bfc062723c751e8b465ee728b) (PreviewImporter) -> (artifact id: 'c4bb3a8988a7c8bb09942122c8ca7686') in 0.0517563 seconds
Number of updated asset objects reloaded before import = 0Number of asset objects unloaded after import = 20

========================================================================
Received Import Request.
  Time since last request: 0.000023 seconds.
  path: Assets/Flooded_Grounds/Content/Meshes/mProps/lo_Prop_Bed_A.fbx
  artifactKey: Guid(337f3f3b50efced47b00720a0728d606) Importer(815301076,1909f56bfc062723c751e8b465ee728b)
Start importing Assets/Flooded_Grounds/Content/Meshes/mProps/lo_Prop_Bed_A.fbx using Guid(337f3f3b50efced47b00720a0728d606) Importer(815301076,1909f56bfc062723c751e8b465ee728b) (PreviewImporter) -> (artifact id: '4e19e9a44de0fd5cc72c62b801741345') in 0.0444993 seconds
Number of updated asset objects reloaded before import = 0Number of asset objects unloaded after import = 15

========================================================================
Received Import Request.
  Time since last request: 1.861971 seconds.
  path: Assets/Flooded_Grounds/Content/Meshes/mNature/mRocks/lo_CobbleRock_E.fbx
  artifactKey: Guid(febb57be43178314099a670e6907c6b2) Importer(815301076,1909f56bfc062723c751e8b465ee728b)
Start importing Assets/Flooded_Grounds/Content/Meshes/mNature/mRocks/lo_CobbleRock_E.fbx using Guid(febb57be43178314099a670e6907c6b2) Importer(815301076,1909f56bfc062723c751e8b465ee728b) (PreviewImporter) -> (artifact id: 'd1d1603a96fac0565aa0d4927014f2a0') in 0.0469492 seconds
Number of updated asset objects reloaded before import = 0Number of asset objects unloaded after import = 20

========================================================================
Received Import Request.
  Time since last request: 0.354947 seconds.
  path: Assets/Flooded_Grounds/Content/Meshes/mNature/mRocks/lo_CobbleRock_C.fbx
  artifactKey: Guid(3b3f39c428322b54ebfaf574cfc6ab1a) Importer(815301076,1909f56bfc062723c751e8b465ee728b)
Start importing Assets/Flooded_Grounds/Content/Meshes/mNature/mRocks/lo_CobbleRock_C.fbx using Guid(3b3f39c428322b54ebfaf574cfc6ab1a) Importer(815301076,1909f56bfc062723c751e8b465ee728b) (PreviewImporter) -> (artifact id: 'f29f8e03e6370d794c24a20f3170509e') in 0.0695569 seconds
Number of updated asset objects reloaded before import = 0Number of asset objects unloaded after import = 20

========================================================================
Received Import Request.
  Time since last request: 0.235928 seconds.
  path: Assets/Flooded_Grounds/Content/Meshes/mBuildings/mIndBuilding2/IndBuilding2_End_B_COL.fbx
  artifactKey: Guid(12f0e8412849dce4bb9fc0fe173549e0) Importer(815301076,1909f56bfc062723c751e8b465ee728b)
Start importing Assets/Flooded_Grounds/Content/Meshes/mBuildings/mIndBuilding2/IndBuilding2_End_B_COL.fbx using Guid(12f0e8412849dce4bb9fc0fe173549e0) Importer(815301076,1909f56bfc062723c751e8b465ee728b) (PreviewImporter) -> (artifact id: 'a1cdd73ed371b020d1f50375db60dcfb') in 0.0756718 seconds
Number of updated asset objects reloaded before import = 0Number of asset objects unloaded after import = 7

========================================================================
Received Import Request.
  Time since last request: 0.000020 seconds.
  path: Assets/Flooded_Grounds/Content/Meshes/mBuildings/mIndBuilding1/IndBuilding1_Wall_Mid_C.fbx
  artifactKey: Guid(5e91dc0978adeeb4cb1e9a947beb45ab) Importer(815301076,1909f56bfc062723c751e8b465ee728b)
Start importing Assets/Flooded_Grounds/Content/Meshes/mBuildings/mIndBuilding1/IndBuilding1_Wall_Mid_C.fbx using Guid(5e91dc0978adeeb4cb1e9a947beb45ab) Importer(815301076,1909f56bfc062723c751e8b465ee728b) (PreviewImporter) -> (artifact id: '20dfcc8544409a8171293b595ce0d508') in 0.0170342 seconds
Number of updated asset objects reloaded before import = 0Number of asset objects unloaded after import = 7

========================================================================
Received Import Request.
  Time since last request: 0.000021 seconds.
  path: Assets/Flooded_Grounds/Content/Meshes/mBuildings/mIndBuilding2/IndBuilding2_Deco_WindowGlass_A.fbx
  artifactKey: Guid(7c98251c257ab044eabeb678561b584e) Importer(815301076,1909f56bfc062723c751e8b465ee728b)
Start importing Assets/Flooded_Grounds/Content/Meshes/mBuildings/mIndBuilding2/IndBuilding2_Deco_WindowGlass_A.fbx using Guid(7c98251c257ab044eabeb678561b584e) Importer(815301076,1909f56bfc062723c751e8b465ee728b) (PreviewImporter) -> (artifact id: '1c3efdacf3be14c9089a693548b4571c') in 0.0183719 seconds
Number of updated asset objects reloaded before import = 0Number of asset objects unloaded after import = 7

========================================================================
Received Import Request.
  Time since last request: 0.000019 seconds.
  path: Assets/Flooded_Grounds/Content/Meshes/mBuildings/mIndBuilding2/IndBuilding2_Mid_A_COL.fbx
  artifactKey: Guid(4975e2d81a915c84394157cd3b9be5c1) Importer(815301076,1909f56bfc062723c751e8b465ee728b)
Start importing Assets/Flooded_Grounds/Content/Meshes/mBuildings/mIndBuilding2/IndBuilding2_Mid_A_COL.fbx using Guid(4975e2d81a915c84394157cd3b9be5c1) Importer(815301076,1909f56bfc062723c751e8b465ee728b) (PreviewImporter) -> (artifact id: 'bb123961eb6468892ca7ad68f6b3d007') in 0.0258122 seconds
Number of updated asset objects reloaded before import = 0Number of asset objects unloaded after import = 7

========================================================================
Received Import Request.
  Time since last request: 0.583526 seconds.
  path: Assets/Flooded_Grounds/Content/Meshes/mBuildings/mIndBuilding1/IndBuilding1_Wall_Cor_A.fbx
  artifactKey: Guid(37d91a4351675e94bb7bf7a5eec9cde0) Importer(815301076,1909f56bfc062723c751e8b465ee728b)
Start importing Assets/Flooded_Grounds/Content/Meshes/mBuildings/mIndBuilding1/IndBuilding1_Wall_Cor_A.fbx using Guid(37d91a4351675e94bb7bf7a5eec9cde0) Importer(815301076,1909f56bfc062723c751e8b465ee728b) (PreviewImporter) -> (artifact id: 'c4c51cb089df1030fe59ab5b61c24660') in 0.0179851 seconds
Number of updated asset objects reloaded before import = 0Number of asset objects unloaded after import = 7

========================================================================
Received Import Request.
  Time since last request: 0.003324 seconds.
  path: Assets/Flooded_Grounds/Content/Meshes/mBuildings/mIndBuilding1/IndBuilding1_Wall_Mid_A.fbx
  artifactKey: Guid(cbf13026d2f984947863c523dffb531c) Importer(815301076,1909f56bfc062723c751e8b465ee728b)
Start importing Assets/Flooded_Grounds/Content/Meshes/mBuildings/mIndBuilding1/IndBuilding1_Wall_Mid_A.fbx using Guid(cbf13026d2f984947863c523dffb531c) Importer(815301076,1909f56bfc062723c751e8b465ee728b) (PreviewImporter) -> (artifact id: 'a15c8b5faf14f056f8c8063789a7eb12') in 0.0214505 seconds
Number of updated asset objects reloaded before import = 0Number of asset objects unloaded after import = 7

========================================================================
Received Import Request.
  Time since last request: 0.024665 seconds.
  path: Assets/Flooded_Grounds/Content/Meshes/mBuildings/mIndBuilding1/IndBuilding1_IntStairs_A.fbx
  artifactKey: Guid(82ccc92dff1f93b4c9267bd790298b0c) Importer(815301076,1909f56bfc062723c751e8b465ee728b)
Start importing Assets/Flooded_Grounds/Content/Meshes/mBuildings/mIndBuilding1/IndBuilding1_IntStairs_A.fbx using Guid(82ccc92dff1f93b4c9267bd790298b0c) Importer(815301076,1909f56bfc062723c751e8b465ee728b) (PreviewImporter) -> (artifact id: '0b5c86f6bb0d9204e0fe173b1a996f74') in 0.0154394 seconds
Number of updated asset objects reloaded before import = 0Number of asset objects unloaded after import = 7

========================================================================
Received Import Request.
  Time since last request: 0.004024 seconds.
  path: Assets/Flooded_Grounds/Content/Meshes/mBuildings/mIndBuilding1/IndBuilding1_Roof_Mid_A_4x.fbx
  artifactKey: Guid(9a89e08d03f8cae4b9892be5973cd34c) Importer(815301076,1909f56bfc062723c751e8b465ee728b)
Start importing Assets/Flooded_Grounds/Content/Meshes/mBuildings/mIndBuilding1/IndBuilding1_Roof_Mid_A_4x.fbx using Guid(9a89e08d03f8cae4b9892be5973cd34c) Importer(815301076,1909f56bfc062723c751e8b465ee728b) (PreviewImporter) -> (artifact id: 'a501a4dac646d550913de337e3f091f9') in 0.0195212 seconds
Number of updated asset objects reloaded before import = 0Number of asset objects unloaded after import = 7

========================================================================
Received Import Request.
  Time since last request: 0.331340 seconds.
  path: Assets/Flooded_Grounds/Content/Meshes/mBuildings/mIndBuilding1/IndBuilding1_Deco_WindowGlass_A.fbx
  artifactKey: Guid(8793e85ed0a83fb4280277933d572675) Importer(815301076,1909f56bfc062723c751e8b465ee728b)
Start importing Assets/Flooded_Grounds/Content/Meshes/mBuildings/mIndBuilding1/IndBuilding1_Deco_WindowGlass_A.fbx using Guid(8793e85ed0a83fb4280277933d572675) Importer(815301076,1909f56bfc062723c751e8b465ee728b) (PreviewImporter) -> (artifact id: '4cc38f12cc10923365ab770983bc27df') in 0.0156193 seconds
Number of updated asset objects reloaded before import = 0Number of asset objects unloaded after import = 7

========================================================================
Received Import Request.
  Time since last request: 0.006086 seconds.
  path: Assets/Flooded_Grounds/Content/Meshes/mBuildings/mIndBuilding1/IndBuilding1_Ext_A_COL.fbx
  artifactKey: Guid(1610de2cbbc29e14e8f305552fb5ecae) Importer(815301076,1909f56bfc062723c751e8b465ee728b)
Start importing Assets/Flooded_Grounds/Content/Meshes/mBuildings/mIndBuilding1/IndBuilding1_Ext_A_COL.fbx using Guid(1610de2cbbc29e14e8f305552fb5ecae) Importer(815301076,1909f56bfc062723c751e8b465ee728b) (PreviewImporter) -> (artifact id: 'fe529180caec96d8479cfaa421732655') in 0.0212118 seconds
Number of updated asset objects reloaded before import = 0Number of asset objects unloaded after import = 7

========================================================================
Received Import Request.
  Time since last request: 0.020046 seconds.
  path: Assets/Flooded_Grounds/Content/Meshes/mBuildings/mIndBuilding1/IndBuilding1_Deco_Handrail_Cor_A.fbx
  artifactKey: Guid(69eaa02892a5e4540a925cc496b688b6) Importer(815301076,1909f56bfc062723c751e8b465ee728b)
Start importing Assets/Flooded_Grounds/Content/Meshes/mBuildings/mIndBuilding1/IndBuilding1_Deco_Handrail_Cor_A.fbx using Guid(69eaa02892a5e4540a925cc496b688b6) Importer(815301076,1909f56bfc062723c751e8b465ee728b) (PreviewImporter) -> (artifact id: 'bbabe58e26cf65ed9298ceb71276a3d4') in 0.0149364 seconds
Number of updated asset objects reloaded before import = 0Number of asset objects unloaded after import = 7

========================================================================
Received Import Request.
  Time since last request: 0.005984 seconds.
  path: Assets/Flooded_Grounds/Content/Meshes/mBuildings/mIndBuilding1/IndBuilding1_Deco_IntColumn_Base.fbx
  artifactKey: Guid(48b63d50975af354886c8c4294099cfc) Importer(815301076,1909f56bfc062723c751e8b465ee728b)
Start importing Assets/Flooded_Grounds/Content/Meshes/mBuildings/mIndBuilding1/IndBuilding1_Deco_IntColumn_Base.fbx using Guid(48b63d50975af354886c8c4294099cfc) Importer(815301076,1909f56bfc062723c751e8b465ee728b) (PreviewImporter) -> (artifact id: '52af7fe350814db584b44f76980199d6') in 0.0194263 seconds
Number of updated asset objects reloaded before import = 0Number of asset objects unloaded after import = 7

========================================================================
Received Import Request.
  Time since last request: 0.022362 seconds.
  path: Assets/Flooded_Grounds/Content/Meshes/mBuildings/mIndBuilding1/IndBuilding1_Base_Cor_A.fbx
  artifactKey: Guid(53315c10acc304a4299be988e799a78b) Importer(815301076,1909f56bfc062723c751e8b465ee728b)
Start importing Assets/Flooded_Grounds/Content/Meshes/mBuildings/mIndBuilding1/IndBuilding1_Base_Cor_A.fbx using Guid(53315c10acc304a4299be988e799a78b) Importer(815301076,1909f56bfc062723c751e8b465ee728b) (PreviewImporter) -> (artifact id: '427d8e20ceb661f8f765d4f338a360d1') in 0.018686 seconds
Number of updated asset objects reloaded before import = 0Number of asset objects unloaded after import = 7

========================================================================
Received Import Request.
  Time since last request: 0.003558 seconds.
  path: Assets/Flooded_Grounds/Content/Meshes/mBuildings/mIndBuilding1/IndBuilding1_Deco_Column_Base.fbx
  artifactKey: Guid(769de98d64e118c41bd1d3a37b0c995c) Importer(815301076,1909f56bfc062723c751e8b465ee728b)
Start importing Assets/Flooded_Grounds/Content/Meshes/mBuildings/mIndBuilding1/IndBuilding1_Deco_Column_Base.fbx using Guid(769de98d64e118c41bd1d3a37b0c995c) Importer(815301076,1909f56bfc062723c751e8b465ee728b) (PreviewImporter) -> (artifact id: 'ca483bab0bcb1393107b3e4f8065ac8b') in 0.0215274 seconds
Number of updated asset objects reloaded before import = 0Number of asset objects unloaded after import = 7

========================================================================
Received Import Request.
  Time since last request: 0.130826 seconds.
  path: Assets/Flooded_Grounds/Content/Meshes/mBuildings/mGreenHouse/GreenHouse1_Door_A.fbx
  artifactKey: Guid(7c517f93ac7c4c8449de867daaa62d72) Importer(815301076,1909f56bfc062723c751e8b465ee728b)
Start importing Assets/Flooded_Grounds/Content/Meshes/mBuildings/mGreenHouse/GreenHouse1_Door_A.fbx using Guid(7c517f93ac7c4c8449de867daaa62d72) Importer(815301076,1909f56bfc062723c751e8b465ee728b) (PreviewImporter) -> (artifact id: 'b0da0aa71f6eaa2061c0177b8eba447c') in 0.0188034 seconds
Number of updated asset objects reloaded before import = 0Number of asset objects unloaded after import = 7

========================================================================
Received Import Request.
  Time since last request: 0.005342 seconds.
  path: Assets/Flooded_Grounds/Content/Meshes/mBuildings/mGuardHouse/GuardHouse_A.fbx
  artifactKey: Guid(21646104a6eba2e44b49baef6801449a) Importer(815301076,1909f56bfc062723c751e8b465ee728b)
Start importing Assets/Flooded_Grounds/Content/Meshes/mBuildings/mGuardHouse/GuardHouse_A.fbx using Guid(21646104a6eba2e44b49baef6801449a) Importer(815301076,1909f56bfc062723c751e8b465ee728b) (PreviewImporter) -> (artifact id: 'd7c5396c8fd04226f2719a601411f026') in 0.0229384 seconds
Number of updated asset objects reloaded before import = 0Number of asset objects unloaded after import = 7

========================================================================
Received Import Request.
  Time since last request: 0.020210 seconds.
  path: Assets/Flooded_Grounds/Content/Meshes/mNature/mGrass/Grass_Small_D.fbx
  artifactKey: Guid(0b1eadd50210bbf489ee17d6376699a3) Importer(815301076,1909f56bfc062723c751e8b465ee728b)
Start importing Assets/Flooded_Grounds/Content/Meshes/mNature/mGrass/Grass_Small_D.fbx using Guid(0b1eadd50210bbf489ee17d6376699a3) Importer(815301076,1909f56bfc062723c751e8b465ee728b) (PreviewImporter) -> (artifact id: '829189213c3c757c33254274d58df672') in 0.0160052 seconds
Number of updated asset objects reloaded before import = 0Number of asset objects unloaded after import = 7

========================================================================
Received Import Request.
  Time since last request: 0.004781 seconds.
  path: Assets/Flooded_Grounds/Content/Meshes/mNature/mGrass/Grass_Tall_C.fbx
  artifactKey: Guid(b88efc51f73550a428a72844ccd19b72) Importer(815301076,1909f56bfc062723c751e8b465ee728b)
Start importing Assets/Flooded_Grounds/Content/Meshes/mNature/mGrass/Grass_Tall_C.fbx using Guid(b88efc51f73550a428a72844ccd19b72) Importer(815301076,1909f56bfc062723c751e8b465ee728b) (PreviewImporter) -> (artifact id: '85d7feaa97c84e331362418d6cbf0b9c') in 0.0192621 seconds
Number of updated asset objects reloaded before import = 0Number of asset objects unloaded after import = 7

========================================================================
Received Import Request.
  Time since last request: 0.023877 seconds.
  path: Assets/Flooded_Grounds/Content/Meshes/mNature/mGrass/Grass_Med_A.fbx
  artifactKey: Guid(b9c33fe4c3da29b4793c68df4a835a79) Importer(815301076,1909f56bfc062723c751e8b465ee728b)
Start importing Assets/Flooded_Grounds/Content/Meshes/mNature/mGrass/Grass_Med_A.fbx using Guid(b9c33fe4c3da29b4793c68df4a835a79) Importer(815301076,1909f56bfc062723c751e8b465ee728b) (PreviewImporter) -> (artifact id: '8eb12a9a42cb03eb9384394c6f603da6') in 0.0168065 seconds
Number of updated asset objects reloaded before import = 0Number of asset objects unloaded after import = 7

========================================================================
Received Import Request.
  Time since last request: 0.003788 seconds.
  path: Assets/Flooded_Grounds/Content/Meshes/mNature/mGrass/Grass_Small_A.fbx
  artifactKey: Guid(07482563e336d994abdc831e53431ccb) Importer(815301076,1909f56bfc062723c751e8b465ee728b)
Start importing Assets/Flooded_Grounds/Content/Meshes/mNature/mGrass/Grass_Small_A.fbx using Guid(07482563e336d994abdc831e53431ccb) Importer(815301076,1909f56bfc062723c751e8b465ee728b) (PreviewImporter) -> (artifact id: '17f93318b4222a9eef9cad7620ab7148') in 0.0217867 seconds
Number of updated asset objects reloaded before import = 0Number of asset objects unloaded after import = 7

========================================================================
Received Import Request.
  Time since last request: 0.102185 seconds.
  path: Assets/Flooded_Grounds/Content/Meshes/mBuildings/mChurches/Church1_End_B.fbx
  artifactKey: Guid(c40947bb801a9d14495192a9b5700b3a) Importer(815301076,1909f56bfc062723c751e8b465ee728b)
Start importing Assets/Flooded_Grounds/Content/Meshes/mBuildings/mChurches/Church1_End_B.fbx using Guid(c40947bb801a9d14495192a9b5700b3a) Importer(815301076,1909f56bfc062723c751e8b465ee728b) (PreviewImporter) -> (artifact id: 'b77c7c9cf8d5c664cb67ba0a34d5479e') in 0.0204815 seconds
Number of updated asset objects reloaded before import = 0Number of asset objects unloaded after import = 7

========================================================================
Received Import Request.
  Time since last request: 0.003791 seconds.
  path: Assets/Flooded_Grounds/Content/Meshes/mNature/mBushes/DecoBush_B.fbx
  artifactKey: Guid(0e0d7fac187ce644e85f79d8513288d7) Importer(815301076,1909f56bfc062723c751e8b465ee728b)
Start importing Assets/Flooded_Grounds/Content/Meshes/mNature/mBushes/DecoBush_B.fbx using Guid(0e0d7fac187ce644e85f79d8513288d7) Importer(815301076,1909f56bfc062723c751e8b465ee728b) (PreviewImporter) -> (artifact id: 'cee1f5bca32681c965477a3252aba8e5') in 0.0246418 seconds
Number of updated asset objects reloaded before import = 0Number of asset objects unloaded after import = 7

========================================================================
Received Import Request.
  Time since last request: 0.024596 seconds.
  path: Assets/Flooded_Grounds/Content/Meshes/mBuildings/mCabins/Cabin2_Ext1.fbx
  artifactKey: Guid(562ec34fab32b5343886256ef273f218) Importer(815301076,1909f56bfc062723c751e8b465ee728b)
Start importing Assets/Flooded_Grounds/Content/Meshes/mBuildings/mCabins/Cabin2_Ext1.fbx using Guid(562ec34fab32b5343886256ef273f218) Importer(815301076,1909f56bfc062723c751e8b465ee728b) (PreviewImporter) -> (artifact id: 'ebe6ddb468f97943a33143d3d474db0f') in 0.0179247 seconds
Number of updated asset objects reloaded before import = 0Number of asset objects unloaded after import = 7

========================================================================
Received Import Request.
  Time since last request: 0.005307 seconds.
  path: Assets/Flooded_Grounds/Content/Meshes/mBuildings/mCabins/Cabin2_Stairs.fbx
  artifactKey: Guid(695df44871b9bd5439e88400e7eab30b) Importer(815301076,1909f56bfc062723c751e8b465ee728b)
Start importing Assets/Flooded_Grounds/Content/Meshes/mBuildings/mCabins/Cabin2_Stairs.fbx using Guid(695df44871b9bd5439e88400e7eab30b) Importer(815301076,1909f56bfc062723c751e8b465ee728b) (PreviewImporter) -> (artifact id: 'cca827fbd46fed38c0d9f8ab49d6436f') in 0.0182737 seconds
Number of updated asset objects reloaded before import = 0Number of asset objects unloaded after import = 7

========================================================================
Received Import Request.
  Time since last request: 0.004998 seconds.
  path: Assets/Flooded_Grounds/Content/Meshes/mBuildings/mChurches/Church1_Deco_WindowGlass_A.fbx
  artifactKey: Guid(66d3715e68a763948ac6ef71a68f5e38) Importer(815301076,1909f56bfc062723c751e8b465ee728b)
Start importing Assets/Flooded_Grounds/Content/Meshes/mBuildings/mChurches/Church1_Deco_WindowGlass_A.fbx using Guid(66d3715e68a763948ac6ef71a68f5e38) Importer(815301076,1909f56bfc062723c751e8b465ee728b) (PreviewImporter) -> (artifact id: '9b11a16fea17c750b27fbef9f5ae4a39') in 0.0175233 seconds
Number of updated asset objects reloaded before import = 0Number of asset objects unloaded after import = 7

========================================================================
Received Import Request.
  Time since last request: 0.004989 seconds.
  path: Assets/Flooded_Grounds/Content/Meshes/mBuildings/mChurches/Church1_Door_B.fbx
  artifactKey: Guid(ce9e4b8d53bcef14eb13c1ff56120243) Importer(815301076,1909f56bfc062723c751e8b465ee728b)
Start importing Assets/Flooded_Grounds/Content/Meshes/mBuildings/mChurches/Church1_Door_B.fbx using Guid(ce9e4b8d53bcef14eb13c1ff56120243) Importer(815301076,1909f56bfc062723c751e8b465ee728b) (PreviewImporter) -> (artifact id: '5369d3a4ca59193f43420e924d5d5b0a') in 0.0199926 seconds
Number of updated asset objects reloaded before import = 0Number of asset objects unloaded after import = 7

========================================================================
Received Import Request.
  Time since last request: 0.022485 seconds.
  path: Assets/Flooded_Grounds/Content/Meshes/mBuildings/mCabins/Cabin1_Door_A.fbx
  artifactKey: Guid(4567fa51052829e48a392b58a304a125) Importer(815301076,1909f56bfc062723c751e8b465ee728b)
Start importing Assets/Flooded_Grounds/Content/Meshes/mBuildings/mCabins/Cabin1_Door_A.fbx using Guid(4567fa51052829e48a392b58a304a125) Importer(815301076,1909f56bfc062723c751e8b465ee728b) (PreviewImporter) -> (artifact id: '200896ba1e6fc285be41e153d30a8151') in 0.0184506 seconds
Number of updated asset objects reloaded before import = 0Number of asset objects unloaded after import = 7

========================================================================
Received Import Request.
  Time since last request: 0.004578 seconds.
  path: Assets/Flooded_Grounds/Content/Meshes/mBuildings/mCabins/Cabin2_Door_A.fbx
  artifactKey: Guid(c6bf715f38b6c824d9099af62318db45) Importer(815301076,1909f56bfc062723c751e8b465ee728b)
Start importing Assets/Flooded_Grounds/Content/Meshes/mBuildings/mCabins/Cabin2_Door_A.fbx using Guid(c6bf715f38b6c824d9099af62318db45) Importer(815301076,1909f56bfc062723c751e8b465ee728b) (PreviewImporter) -> (artifact id: '644700904c3940967dd63c7ffd0ae8f4') in 0.0198368 seconds
Number of updated asset objects reloaded before import = 0Number of asset objects unloaded after import = 7

========================================================================
Received Import Request.
  Time since last request: 0.625647 seconds.
  path: Assets/Flooded_Grounds/Content/Meshes/mBuildings/mBrickHouse/BrickHouse_Mid_A.fbx
  artifactKey: Guid(fefca4b56654b8945afe1beff73c2752) Importer(815301076,1909f56bfc062723c751e8b465ee728b)
Start importing Assets/Flooded_Grounds/Content/Meshes/mBuildings/mBrickHouse/BrickHouse_Mid_A.fbx using Guid(fefca4b56654b8945afe1beff73c2752) Importer(815301076,1909f56bfc062723c751e8b465ee728b) (PreviewImporter) -> (artifact id: '742eeb6fe4e62f7559fa950bf7d4cc23') in 0.0164721 seconds
Number of updated asset objects reloaded before import = 0Number of asset objects unloaded after import = 7

========================================================================
Received Import Request.
  Time since last request: 0.006143 seconds.
  path: Assets/Flooded_Grounds/Content/Meshes/mBuildings/mCabins/Cabin1.fbx
  artifactKey: Guid(7b88c8bab8da05247bc3298df5939c78) Importer(815301076,1909f56bfc062723c751e8b465ee728b)
Start importing Assets/Flooded_Grounds/Content/Meshes/mBuildings/mCabins/Cabin1.fbx using Guid(7b88c8bab8da05247bc3298df5939c78) Importer(815301076,1909f56bfc062723c751e8b465ee728b) (PreviewImporter) -> (artifact id: 'a8eadf6f80ee3337f3fc5696524f618a') in 0.0225641 seconds
Number of updated asset objects reloaded before import = 0Number of asset objects unloaded after import = 7

========================================================================
Received Import Request.
  Time since last request: 0.040584 seconds.
  path: Assets/Flooded_Grounds/Content/Meshes/mBuildings/mBrickHouse/BrickHouse_Floor_Mid_B.fbx
  artifactKey: Guid(6944c949f8d183d43bc3b8ef552b99c2) Importer(815301076,1909f56bfc062723c751e8b465ee728b)
Start importing Assets/Flooded_Grounds/Content/Meshes/mBuildings/mBrickHouse/BrickHouse_Floor_Mid_B.fbx using Guid(6944c949f8d183d43bc3b8ef552b99c2) Importer(815301076,1909f56bfc062723c751e8b465ee728b) (PreviewImporter) -> (artifact id: 'd54c7bde971877467454b3aab3a0e364') in 0.0152808 seconds
Number of updated asset objects reloaded before import = 0Number of asset objects unloaded after import = 7

========================================================================
Received Import Request.
  Time since last request: 0.005718 seconds.
  path: Assets/Flooded_Grounds/Content/Meshes/mBuildings/mBrickHouse/BrickHouse_IntWall_A.fbx
  artifactKey: Guid(40581848ce71d194db3034b2ba2ecf5b) Importer(815301076,1909f56bfc062723c751e8b465ee728b)
Start importing Assets/Flooded_Grounds/Content/Meshes/mBuildings/mBrickHouse/BrickHouse_IntWall_A.fbx using Guid(40581848ce71d194db3034b2ba2ecf5b) Importer(815301076,1909f56bfc062723c751e8b465ee728b) (PreviewImporter) -> (artifact id: '696829381a9e31ad0bd5f0975e7348c7') in 0.0196526 seconds
Number of updated asset objects reloaded before import = 0Number of asset objects unloaded after import = 7

========================================================================
Received Import Request.
  Time since last request: 0.449874 seconds.
  path: Assets/Flooded_Grounds/Content/Meshes/mBuildings/mBrickHouse/BrickHouse_Floor_End_A.fbx
  artifactKey: Guid(e738815e6ed0a1042ab2112032ee725f) Importer(815301076,1909f56bfc062723c751e8b465ee728b)
Start importing Assets/Flooded_Grounds/Content/Meshes/mBuildings/mBrickHouse/BrickHouse_Floor_End_A.fbx using Guid(e738815e6ed0a1042ab2112032ee725f) Importer(815301076,1909f56bfc062723c751e8b465ee728b) (PreviewImporter) -> (artifact id: '5c897d764cf1253c443bb14ab3a5cb80') in 0.064844 seconds
Number of updated asset objects reloaded before import = 0Number of asset objects unloaded after import = 7

========================================================================
Received Import Request.
  Time since last request: 0.000017 seconds.
  path: Assets/Flooded_Grounds/Content/Meshes/mBuildings/mBrickHouse/BrickHouse_Deco_WindowGlass_A.fbx
  artifactKey: Guid(b715f3e28605e8246af80d9a98e7cc1c) Importer(815301076,1909f56bfc062723c751e8b465ee728b)
Start importing Assets/Flooded_Grounds/Content/Meshes/mBuildings/mBrickHouse/BrickHouse_Deco_WindowGlass_A.fbx using Guid(b715f3e28605e8246af80d9a98e7cc1c) Importer(815301076,1909f56bfc062723c751e8b465ee728b) (PreviewImporter) -> (artifact id: '60d72e61e9a9c2184f9ae996a388c4d5') in 0.0181269 seconds
Number of updated asset objects reloaded before import = 0Number of asset objects unloaded after import = 7

========================================================================
Received Import Request.
  Time since last request: 0.000020 seconds.
  path: Assets/Flooded_Grounds/Content/Meshes/mBuildings/mBrickHouse/BrickHouse_End_A.fbx
  artifactKey: Guid(7f05e1cf6332ea548876507a754862b3) Importer(815301076,1909f56bfc062723c751e8b465ee728b)
Start importing Assets/Flooded_Grounds/Content/Meshes/mBuildings/mBrickHouse/BrickHouse_End_A.fbx using Guid(7f05e1cf6332ea548876507a754862b3) Importer(815301076,1909f56bfc062723c751e8b465ee728b) (PreviewImporter) -> (artifact id: '0b212f5a805b463dff3e99573279172f') in 0.0189214 seconds
Number of updated asset objects reloaded before import = 0Number of asset objects unloaded after import = 7

========================================================================
Received Import Request.
  Time since last request: 0.000027 seconds.
  path: Assets/Flooded_Grounds/Content/Meshes/mBuildings/mBrickHouse/BrickHouse_Floor_Mid_A_DM_A.fbx
  artifactKey: Guid(621a5d6ef705a1d4d81313f8cffeed53) Importer(815301076,1909f56bfc062723c751e8b465ee728b)
Start importing Assets/Flooded_Grounds/Content/Meshes/mBuildings/mBrickHouse/BrickHouse_Floor_Mid_A_DM_A.fbx using Guid(621a5d6ef705a1d4d81313f8cffeed53) Importer(815301076,1909f56bfc062723c751e8b465ee728b) (PreviewImporter) -> (artifact id: '64b2c4f672c100e3dd0e23e07ddc7fed') in 0.02413 seconds
Number of updated asset objects reloaded before import = 0Number of asset objects unloaded after import = 7

========================================================================
Received Import Request.
  Time since last request: 0.000022 seconds.
  path: Assets/Flooded_Grounds/Content/Trees/SrcMeshes/Branch3.fbx
  artifactKey: Guid(674166747f4cccc4e8fe1f7011630989) Importer(815301076,1909f56bfc062723c751e8b465ee728b)
Start importing Assets/Flooded_Grounds/Content/Trees/SrcMeshes/Branch3.fbx using Guid(674166747f4cccc4e8fe1f7011630989) Importer(815301076,1909f56bfc062723c751e8b465ee728b) (PreviewImporter) -> (artifact id: '08136bd477e664841d8fa1ac2d7904c9') in 0.0167607 seconds
Number of updated asset objects reloaded before import = 0Number of asset objects unloaded after import = 7

========================================================================
Received Import Request.
  Time since last request: 0.004918 seconds.
  path: Assets/Flooded_Grounds/Content/Meshes/mBuildings/mBrickHouse/BrickHouse_Deco_Handrail_Cap_A.fbx
  artifactKey: Guid(9d2fbeb234f30424fba739ae8008f79a) Importer(815301076,1909f56bfc062723c751e8b465ee728b)
Start importing Assets/Flooded_Grounds/Content/Meshes/mBuildings/mBrickHouse/BrickHouse_Deco_Handrail_Cap_A.fbx using Guid(9d2fbeb234f30424fba739ae8008f79a) Importer(815301076,1909f56bfc062723c751e8b465ee728b) (PreviewImporter) -> (artifact id: '33de601239138b7cf1ebc628a3b10fd3') in 0.0163653 seconds
Number of updated asset objects reloaded before import = 0Number of asset objects unloaded after import = 7

========================================================================
Received Import Request.
  Time since last request: 0.336937 seconds.
  path: Assets/Flooded_Grounds/Content/Meshes/mBuildings/mBridge/BLD_Bridge_B.fbx
  artifactKey: Guid(cdd1bb2c51c2fa64eb39e9cf74436364) Importer(815301076,1909f56bfc062723c751e8b465ee728b)
Start importing Assets/Flooded_Grounds/Content/Meshes/mBuildings/mBridge/BLD_Bridge_B.fbx using Guid(cdd1bb2c51c2fa64eb39e9cf74436364) Importer(815301076,1909f56bfc062723c751e8b465ee728b) (PreviewImporter) -> (artifact id: 'fe99494dd6db6cfca7027f5615bae42a') in 0.1307862 seconds
Number of updated asset objects reloaded before import = 0Number of asset objects unloaded after import = 20

========================================================================
Received Import Request.
  Time since last request: 0.003107 seconds.
  path: Assets/Flooded_Grounds/Content/Meshes/mBuildings/mBarns/Barn2_End_B.fbx
  artifactKey: Guid(fe97fc86797780f4fb8b5a21d2e0ecac) Importer(815301076,1909f56bfc062723c751e8b465ee728b)
Start importing Assets/Flooded_Grounds/Content/Meshes/mBuildings/mBarns/Barn2_End_B.fbx using Guid(fe97fc86797780f4fb8b5a21d2e0ecac) Importer(815301076,1909f56bfc062723c751e8b465ee728b) (PreviewImporter) -> (artifact id: '58105798e2de673f5a2b5c54ef5b0e6a') in 0.0170309 seconds
Number of updated asset objects reloaded before import = 0Number of asset objects unloaded after import = 7

========================================================================
Received Import Request.
  Time since last request: 0.006594 seconds.
  path: Assets/Flooded_Grounds/Content/Meshes/mBuildings/mBarns/Barn2_Mid_A_COL.fbx
  artifactKey: Guid(058f562e193661448b5f60c4b1c8046e) Importer(815301076,1909f56bfc062723c751e8b465ee728b)
Start importing Assets/Flooded_Grounds/Content/Meshes/mBuildings/mBarns/Barn2_Mid_A_COL.fbx using Guid(058f562e193661448b5f60c4b1c8046e) Importer(815301076,1909f56bfc062723c751e8b465ee728b) (PreviewImporter) -> (artifact id: '737d25caf4ffa78f770d0e7a9fccb9ba') in 0.0206014 seconds
Number of updated asset objects reloaded before import = 0Number of asset objects unloaded after import = 7

========================================================================
Received Import Request.
  Time since last request: 0.001587 seconds.
  path: Assets/Flooded_Grounds/Content/Meshes/mBackgrounds/BGR_LargePipe_A.fbx
  artifactKey: Guid(40477e487f4bf334cbc3a784a139828b) Importer(815301076,1909f56bfc062723c751e8b465ee728b)
Start importing Assets/Flooded_Grounds/Content/Meshes/mBackgrounds/BGR_LargePipe_A.fbx using Guid(40477e487f4bf334cbc3a784a139828b) Importer(815301076,1909f56bfc062723c751e8b465ee728b) (PreviewImporter) -> (artifact id: '48231f74c7890cc92a1675da0481d86d') in 0.0200437 seconds
Number of updated asset objects reloaded before import = 0Number of asset objects unloaded after import = 7

========================================================================
Received Import Request.
  Time since last request: 1.174220 seconds.
  path: Assets/Flooded_Grounds/Content/Meshes/mBuildings/mBarns/Barn1_End_B_COL.fbx
  artifactKey: Guid(19fcdc837dbc1c84f89a2780f00dcd99) Importer(815301076,1909f56bfc062723c751e8b465ee728b)
Start importing Assets/Flooded_Grounds/Content/Meshes/mBuildings/mBarns/Barn1_End_B_COL.fbx using Guid(19fcdc837dbc1c84f89a2780f00dcd99) Importer(815301076,1909f56bfc062723c751e8b465ee728b) (PreviewImporter) -> (artifact id: '637fff025b98ad2776fe53ed1e533311') in 0.0148031 seconds
Number of updated asset objects reloaded before import = 0Number of asset objects unloaded after import = 7

========================================================================
Received Import Request.
  Time since last request: 0.007617 seconds.
  path: Assets/Flooded_Grounds/Content/Meshes/mBuildings/mBarns/Barn2_Door_A.fbx
  artifactKey: Guid(ddc0349957ea98f47befefad50fa7adf) Importer(815301076,1909f56bfc062723c751e8b465ee728b)
Start importing Assets/Flooded_Grounds/Content/Meshes/mBuildings/mBarns/Barn2_Door_A.fbx using Guid(ddc0349957ea98f47befefad50fa7adf) Importer(815301076,1909f56bfc062723c751e8b465ee728b) (PreviewImporter) -> (artifact id: 'f45aaa20db0ad36ccd01880b19ca996e') in 0.0202388 seconds
Number of updated asset objects reloaded before import = 0Number of asset objects unloaded after import = 7

========================================================================
Received Import Request.
  Time since last request: 0.021069 seconds.
  path: Assets/Flooded_Grounds/Content/Meshes/mAtmospherics/ATM_HaloRing.fbx
  artifactKey: Guid(8cc47016f547a024692210de2e4869cf) Importer(815301076,1909f56bfc062723c751e8b465ee728b)
Start importing Assets/Flooded_Grounds/Content/Meshes/mAtmospherics/ATM_HaloRing.fbx using Guid(8cc47016f547a024692210de2e4869cf) Importer(815301076,1909f56bfc062723c751e8b465ee728b) (PreviewImporter) -> (artifact id: 'd9c9061cc846a54e0e361435e797b31f') in 0.0163889 seconds
Number of updated asset objects reloaded before import = 0Number of asset objects unloaded after import = 9

========================================================================
Received Import Request.
  Time since last request: 0.003575 seconds.
  path: Assets/Flooded_Grounds/Content/Meshes/mBuildings/mBarns/Barn1_End_A_COL.fbx
  artifactKey: Guid(463070d5ce3e2304d93ca9efb2d7635a) Importer(815301076,1909f56bfc062723c751e8b465ee728b)
Start importing Assets/Flooded_Grounds/Content/Meshes/mBuildings/mBarns/Barn1_End_A_COL.fbx using Guid(463070d5ce3e2304d93ca9efb2d7635a) Importer(815301076,1909f56bfc062723c751e8b465ee728b) (PreviewImporter) -> (artifact id: 'd4fdaa2aa4bfc1b80fd08eafc38331d4') in 0.0175572 seconds
Number of updated asset objects reloaded before import = 0Number of asset objects unloaded after import = 7

========================================================================
Received Prepare
Begin MonoManager ReloadAssembly
- Loaded All Assemblies, in  0.592 seconds
Refreshing native plugins compatible for Editor in 0.83 ms, found 3 plugins.
Native extension for WindowsStandalone target not found
Native extension for WebGL target not found
Mono: successfully reloaded assembly
- Finished resetting the current domain, in  0.630 seconds
Domain Reload Profiling: 1222ms
	BeginReloadAssembly (194ms)
		ExecutionOrderSort (0ms)
		DisableScriptedObjects (5ms)
		BackupInstance (0ms)
		ReleaseScriptingObjects (0ms)
		CreateAndSetChildDomain (54ms)
	RebuildCommonClasses (34ms)
	RebuildNativeTypeToScriptingClass (12ms)
	initialDomainReloadingComplete (25ms)
	LoadAllAssembliesAndSetupDomain (327ms)
		LoadAssemblies (278ms)
		RebuildTransferFunctionScriptingTraits (0ms)
		AnalyzeDomain (146ms)
			TypeCache.Refresh (5ms)
				TypeCache.ScanAssembly (0ms)
			BuildScriptInfoCaches (133ms)
			ResolveRequiredComponents (4ms)
	FinalizeReload (630ms)
		ReleaseScriptCaches (0ms)
		RebuildScriptCaches (0ms)
		SetupLoadedEditorAssemblies (503ms)
			LogAssemblyErrors (0ms)
			InitializePlatformSupportModulesInManaged (3ms)
			SetLoadedEditorAssemblies (6ms)
			BeforeProcessingInitializeOnLoad (101ms)
			ProcessInitializeOnLoadAttributes (360ms)
			ProcessInitializeOnLoadMethodAttributes (25ms)
			AfterProcessingInitializeOnLoad (8ms)
			EditorAssembliesLoaded (0ms)
		ExecutionOrderSort2 (0ms)
		AwakeInstancesAfterBackupRestoration (7ms)
Refreshing native plugins compatible for Editor in 0.84 ms, found 3 plugins.
Preloading 0 native plugins for Editor in 0.00 ms.
Unloading 5 Unused Serialized files (Serialized files now loaded: 0)
Unloading 3825 unused Assets / (1.6 MB). Loaded Objects now: 4399.
Memory consumption went from 111.4 MB to 109.8 MB.
Total: 7.419300 ms (FindLiveObjects: 0.456500 ms CreateObjectMapping: 0.564400 ms MarkObjects: 4.529500 ms  DeleteObjects: 1.867800 ms)

Prepare: number of updated asset objects reloaded= 0
========================================================================
Received Prepare
Refreshing native plugins compatible for Editor in 1.06 ms, found 3 plugins.
Preloading 0 native plugins for Editor in 0.00 ms.
Unloading 5 Unused Serialized files (Serialized files now loaded: 0)
Unloading 3818 unused Assets / (1.5 MB). Loaded Objects now: 4399.
Memory consumption went from 111.6 MB to 110.1 MB.
Total: 6.137300 ms (FindLiveObjects: 0.410300 ms CreateObjectMapping: 0.235800 ms MarkObjects: 4.408700 ms  DeleteObjects: 1.081600 ms)

Prepare: number of updated asset objects reloaded= 0
========================================================================
Received Prepare
Refreshing native plugins compatible for Editor in 0.90 ms, found 3 plugins.
Preloading 0 native plugins for Editor in 0.00 ms.
Unloading 5 Unused Serialized files (Serialized files now loaded: 0)
Unloading 3818 unused Assets / (2.1 MB). Loaded Objects now: 4399.
Memory consumption went from 111.6 MB to 109.5 MB.
Total: 7.870700 ms (FindLiveObjects: 0.524000 ms CreateObjectMapping: 0.312700 ms MarkObjects: 5.199400 ms  DeleteObjects: 1.833500 ms)

Prepare: number of updated asset objects reloaded= 0
========================================================================
Received Prepare
Begin MonoManager ReloadAssembly
- Loaded All Assemblies, in  0.571 seconds
Refreshing native plugins compatible for Editor in 1.00 ms, found 3 plugins.
Native extension for WindowsStandalone target not found
Native extension for WebGL target not found
Mono: successfully reloaded assembly
- Finished resetting the current domain, in  0.606 seconds
Domain Reload Profiling: 1178ms
	BeginReloadAssembly (182ms)
		ExecutionOrderSort (0ms)
		DisableScriptedObjects (5ms)
		BackupInstance (0ms)
		ReleaseScriptingObjects (0ms)
		CreateAndSetChildDomain (50ms)
	RebuildCommonClasses (33ms)
	RebuildNativeTypeToScriptingClass (14ms)
	initialDomainReloadingComplete (27ms)
	LoadAllAssembliesAndSetupDomain (316ms)
		LoadAssemblies (266ms)
		RebuildTransferFunctionScriptingTraits (0ms)
		AnalyzeDomain (139ms)
			TypeCache.Refresh (8ms)
				TypeCache.ScanAssembly (1ms)
			BuildScriptInfoCaches (123ms)
			ResolveRequiredComponents (4ms)
	FinalizeReload (607ms)
		ReleaseScriptCaches (0ms)
		RebuildScriptCaches (0ms)
		SetupLoadedEditorAssemblies (464ms)
			LogAssemblyErrors (0ms)
			InitializePlatformSupportModulesInManaged (4ms)
			SetLoadedEditorAssemblies (8ms)
			BeforeProcessingInitializeOnLoad (115ms)
			ProcessInitializeOnLoadAttributes (310ms)
			ProcessInitializeOnLoadMethodAttributes (22ms)
			AfterProcessingInitializeOnLoad (4ms)
			EditorAssembliesLoaded (0ms)
		ExecutionOrderSort2 (0ms)
		AwakeInstancesAfterBackupRestoration (6ms)
Refreshing native plugins compatible for Editor in 0.78 ms, found 3 plugins.
Preloading 0 native plugins for Editor in 0.00 ms.
Unloading 5 Unused Serialized files (Serialized files now loaded: 0)
Unloading 3825 unused Assets / (1.5 MB). Loaded Objects now: 4399.
Memory consumption went from 111.4 MB to 109.9 MB.
Total: 5.917200 ms (FindLiveObjects: 0.436500 ms CreateObjectMapping: 0.234100 ms MarkObjects: 4.173100 ms  DeleteObjects: 1.072800 ms)

Prepare: number of updated asset objects reloaded= 0
========================================================================
Received Prepare
Refreshing native plugins compatible for Editor in 0.88 ms, found 3 plugins.
Preloading 0 native plugins for Editor in 0.00 ms.
Unloading 5 Unused Serialized files (Serialized files now loaded: 0)
Unloading 3818 unused Assets / (1.7 MB). Loaded Objects now: 4399.
Memory consumption went from 111.6 MB to 109.9 MB.
Total: 6.786600 ms (FindLiveObjects: 0.421800 ms CreateObjectMapping: 0.496000 ms MarkObjects: 4.542300 ms  DeleteObjects: 1.325100 ms)

Prepare: number of updated asset objects reloaded= 0
========================================================================
Received Prepare
Begin MonoManager ReloadAssembly
- Loaded All Assemblies, in  0.577 seconds
Refreshing native plugins compatible for Editor in 0.98 ms, found 3 plugins.
Native extension for WindowsStandalone target not found
Native extension for WebGL target not found
Mono: successfully reloaded assembly
- Finished resetting the current domain, in  0.613 seconds
Domain Reload Profiling: 1190ms
	BeginReloadAssembly (192ms)
		ExecutionOrderSort (0ms)
		DisableScriptedObjects (6ms)
		BackupInstance (0ms)
		ReleaseScriptingObjects (0ms)
		CreateAndSetChildDomain (53ms)
	RebuildCommonClasses (34ms)
	RebuildNativeTypeToScriptingClass (13ms)
	initialDomainReloadingComplete (25ms)
	LoadAllAssembliesAndSetupDomain (312ms)
		LoadAssemblies (267ms)
		RebuildTransferFunctionScriptingTraits (0ms)
		AnalyzeDomain (139ms)
			TypeCache.Refresh (8ms)
				TypeCache.ScanAssembly (1ms)
			BuildScriptInfoCaches (124ms)
			ResolveRequiredComponents (4ms)
	FinalizeReload (614ms)
		ReleaseScriptCaches (0ms)
		RebuildScriptCaches (0ms)
		SetupLoadedEditorAssemblies (466ms)
			LogAssemblyErrors (0ms)
			InitializePlatformSupportModulesInManaged (5ms)
			SetLoadedEditorAssemblies (7ms)
			BeforeProcessingInitializeOnLoad (115ms)
			ProcessInitializeOnLoadAttributes (314ms)
			ProcessInitializeOnLoadMethodAttributes (21ms)
			AfterProcessingInitializeOnLoad (4ms)
			EditorAssembliesLoaded (0ms)
		ExecutionOrderSort2 (0ms)
		AwakeInstancesAfterBackupRestoration (6ms)
Refreshing native plugins compatible for Editor in 0.87 ms, found 3 plugins.
Preloading 0 native plugins for Editor in 0.00 ms.
Unloading 5 Unused Serialized files (Serialized files now loaded: 0)
Unloading 3825 unused Assets / (1.7 MB). Loaded Objects now: 4399.
Memory consumption went from 111.4 MB to 109.7 MB.
Total: 5.901900 ms (FindLiveObjects: 0.401200 ms CreateObjectMapping: 0.216200 ms MarkObjects: 4.015800 ms  DeleteObjects: 1.268000 ms)

Prepare: number of updated asset objects reloaded= 0
========================================================================
Received Prepare
Refreshing native plugins compatible for Editor in 1.17 ms, found 3 plugins.
Preloading 0 native plugins for Editor in 0.00 ms.
Unloading 5 Unused Serialized files (Serialized files now loaded: 0)
Unloading 3818 unused Assets / (1.8 MB). Loaded Objects now: 4399.
Memory consumption went from 111.5 MB to 109.7 MB.
Total: 8.090500 ms (FindLiveObjects: 0.425400 ms CreateObjectMapping: 0.484000 ms MarkObjects: 5.347100 ms  DeleteObjects: 1.832700 ms)

Prepare: number of updated asset objects reloaded= 0
========================================================================
Received Prepare
Begin MonoManager ReloadAssembly
- Loaded All Assemblies, in  0.694 seconds
Refreshing native plugins compatible for Editor in 1.38 ms, found 3 plugins.
Native extension for WindowsStandalone target not found
Native extension for WebGL target not found
Mono: successfully reloaded assembly
- Finished resetting the current domain, in  0.674 seconds
Domain Reload Profiling: 1369ms
	BeginReloadAssembly (225ms)
		ExecutionOrderSort (0ms)
		DisableScriptedObjects (5ms)
		BackupInstance (0ms)
		ReleaseScriptingObjects (0ms)
		CreateAndSetChildDomain (47ms)
	RebuildCommonClasses (45ms)
	RebuildNativeTypeToScriptingClass (19ms)
	initialDomainReloadingComplete (35ms)
	LoadAllAssembliesAndSetupDomain (371ms)
		LoadAssemblies (339ms)
		RebuildTransferFunctionScriptingTraits (0ms)
		AnalyzeDomain (159ms)
			TypeCache.Refresh (8ms)
				TypeCache.ScanAssembly (1ms)
			BuildScriptInfoCaches (143ms)
			ResolveRequiredComponents (5ms)
	FinalizeReload (674ms)
		ReleaseScriptCaches (0ms)
		RebuildScriptCaches (0ms)
		SetupLoadedEditorAssemblies (532ms)
			LogAssemblyErrors (0ms)
			InitializePlatformSupportModulesInManaged (3ms)
			SetLoadedEditorAssemblies (5ms)
			BeforeProcessingInitializeOnLoad (114ms)
			ProcessInitializeOnLoadAttributes (385ms)
			ProcessInitializeOnLoadMethodAttributes (21ms)
			AfterProcessingInitializeOnLoad (4ms)
			EditorAssembliesLoaded (0ms)
		ExecutionOrderSort2 (0ms)
		AwakeInstancesAfterBackupRestoration (8ms)
Refreshing native plugins compatible for Editor in 1.38 ms, found 3 plugins.
Preloading 0 native plugins for Editor in 0.00 ms.
Unloading 5 Unused Serialized files (Serialized files now loaded: 0)
Unloading 3825 unused Assets / (2.2 MB). Loaded Objects now: 4399.
Memory consumption went from 111.3 MB to 109.2 MB.
Total: 7.659700 ms (FindLiveObjects: 0.674300 ms CreateObjectMapping: 0.766800 ms MarkObjects: 4.260900 ms  DeleteObjects: 1.956800 ms)

Prepare: number of updated asset objects reloaded= 0
========================================================================
Received Prepare
Refreshing native plugins compatible for Editor in 0.93 ms, found 3 plugins.
Preloading 0 native plugins for Editor in 0.00 ms.
Unloading 5 Unused Serialized files (Serialized files now loaded: 0)
Unloading 3818 unused Assets / (1.7 MB). Loaded Objects now: 4399.
Memory consumption went from 111.5 MB to 109.8 MB.
Total: 6.398300 ms (FindLiveObjects: 0.447600 ms CreateObjectMapping: 0.301100 ms MarkObjects: 4.184800 ms  DeleteObjects: 1.464100 ms)

Prepare: number of updated asset objects reloaded= 0
========================================================================
Received Prepare
Begin MonoManager ReloadAssembly
- Loaded All Assemblies, in  0.586 seconds
Refreshing native plugins compatible for Editor in 0.98 ms, found 3 plugins.
Native extension for WindowsStandalone target not found
Native extension for WebGL target not found
Mono: successfully reloaded assembly
- Finished resetting the current domain, in  0.617 seconds
Domain Reload Profiling: 1204ms
	BeginReloadAssembly (185ms)
		ExecutionOrderSort (0ms)
		DisableScriptedObjects (5ms)
		BackupInstance (0ms)
		ReleaseScriptingObjects (0ms)
		CreateAndSetChildDomain (51ms)
	RebuildCommonClasses (36ms)
	RebuildNativeTypeToScriptingClass (13ms)
	initialDomainReloadingComplete (25ms)
	LoadAllAssembliesAndSetupDomain (327ms)
		LoadAssemblies (267ms)
		RebuildTransferFunctionScriptingTraits (0ms)
		AnalyzeDomain (152ms)
			TypeCache.Refresh (8ms)
				TypeCache.ScanAssembly (1ms)
			BuildScriptInfoCaches (136ms)
			ResolveRequiredComponents (5ms)
	FinalizeReload (618ms)
		ReleaseScriptCaches (0ms)
		RebuildScriptCaches (0ms)
		SetupLoadedEditorAssemblies (473ms)
			LogAssemblyErrors (0ms)
			InitializePlatformSupportModulesInManaged (3ms)
			SetLoadedEditorAssemblies (6ms)
			BeforeProcessingInitializeOnLoad (100ms)
			ProcessInitializeOnLoadAttributes (338ms)
			ProcessInitializeOnLoadMethodAttributes (21ms)
			AfterProcessingInitializeOnLoad (4ms)
			EditorAssembliesLoaded (0ms)
		ExecutionOrderSort2 (0ms)
		AwakeInstancesAfterBackupRestoration (6ms)
Refreshing native plugins compatible for Editor in 1.04 ms, found 3 plugins.
Preloading 0 native plugins for Editor in 0.00 ms.
Unloading 5 Unused Serialized files (Serialized files now loaded: 0)
Unloading 3825 unused Assets / (1.5 MB). Loaded Objects now: 4399.
Memory consumption went from 111.3 MB to 109.8 MB.
Total: 5.962300 ms (FindLiveObjects: 0.434700 ms CreateObjectMapping: 0.245000 ms MarkObjects: 4.169100 ms  DeleteObjects: 1.112800 ms)

Prepare: number of updated asset objects reloaded= 0
========================================================================
Received Prepare
Begin MonoManager ReloadAssembly
- Loaded All Assemblies, in  0.561 seconds
Refreshing native plugins compatible for Editor in 0.80 ms, found 3 plugins.
Native extension for WindowsStandalone target not found
Native extension for WebGL target not found
Mono: successfully reloaded assembly
- Finished resetting the current domain, in  0.571 seconds
Domain Reload Profiling: 1132ms
	BeginReloadAssembly (180ms)
		ExecutionOrderSort (0ms)
		DisableScriptedObjects (5ms)
		BackupInstance (0ms)
		ReleaseScriptingObjects (0ms)
		CreateAndSetChildDomain (43ms)
	RebuildCommonClasses (34ms)
	RebuildNativeTypeToScriptingClass (11ms)
	initialDomainReloadingComplete (26ms)
	LoadAllAssembliesAndSetupDomain (310ms)
		LoadAssemblies (264ms)
		RebuildTransferFunctionScriptingTraits (0ms)
		AnalyzeDomain (142ms)
			TypeCache.Refresh (5ms)
				TypeCache.ScanAssembly (0ms)
			BuildScriptInfoCaches (128ms)
			ResolveRequiredComponents (5ms)
	FinalizeReload (572ms)
		ReleaseScriptCaches (0ms)
		RebuildScriptCaches (0ms)
		SetupLoadedEditorAssemblies (455ms)
			LogAssemblyErrors (0ms)
			InitializePlatformSupportModulesInManaged (3ms)
			SetLoadedEditorAssemblies (4ms)
			BeforeProcessingInitializeOnLoad (83ms)
			ProcessInitializeOnLoadAttributes (337ms)
			ProcessInitializeOnLoadMethodAttributes (22ms)
			AfterProcessingInitializeOnLoad (5ms)
			EditorAssembliesLoaded (0ms)
		ExecutionOrderSort2 (0ms)
		AwakeInstancesAfterBackupRestoration (6ms)
Refreshing native plugins compatible for Editor in 0.86 ms, found 3 plugins.
Preloading 0 native plugins for Editor in 0.00 ms.
Unloading 5 Unused Serialized files (Serialized files now loaded: 0)
Unloading 3825 unused Assets / (1.6 MB). Loaded Objects now: 4399.
Memory consumption went from 111.3 MB to 109.7 MB.
Total: 6.816900 ms (FindLiveObjects: 0.466100 ms CreateObjectMapping: 0.255500 ms MarkObjects: 4.486400 ms  DeleteObjects: 1.607700 ms)

Prepare: number of updated asset objects reloaded= 0
========================================================================
Received Prepare
Begin MonoManager ReloadAssembly
- Loaded All Assemblies, in  0.560 seconds
Refreshing native plugins compatible for Editor in 0.85 ms, found 3 plugins.
Native extension for WindowsStandalone target not found
Native extension for WebGL target not found
Mono: successfully reloaded assembly
- Finished resetting the current domain, in  0.582 seconds
Domain Reload Profiling: 1143ms
	BeginReloadAssembly (180ms)
		ExecutionOrderSort (0ms)
		DisableScriptedObjects (5ms)
		BackupInstance (0ms)
		ReleaseScriptingObjects (0ms)
		CreateAndSetChildDomain (42ms)
	RebuildCommonClasses (33ms)
	RebuildNativeTypeToScriptingClass (11ms)
	initialDomainReloadingComplete (24ms)
	LoadAllAssembliesAndSetupDomain (311ms)
		LoadAssemblies (265ms)
		RebuildTransferFunctionScriptingTraits (0ms)
		AnalyzeDomain (141ms)
			TypeCache.Refresh (5ms)
				TypeCache.ScanAssembly (0ms)
			BuildScriptInfoCaches (125ms)
			ResolveRequiredComponents (7ms)
	FinalizeReload (583ms)
		ReleaseScriptCaches (0ms)
		RebuildScriptCaches (0ms)
		SetupLoadedEditorAssemblies (464ms)
			LogAssemblyErrors (0ms)
			InitializePlatformSupportModulesInManaged (3ms)
			SetLoadedEditorAssemblies (4ms)
			BeforeProcessingInitializeOnLoad (86ms)
			ProcessInitializeOnLoadAttributes (344ms)
			ProcessInitializeOnLoadMethodAttributes (23ms)
			AfterProcessingInitializeOnLoad (4ms)
			EditorAssembliesLoaded (0ms)
		ExecutionOrderSort2 (0ms)
		AwakeInstancesAfterBackupRestoration (6ms)
Refreshing native plugins compatible for Editor in 1.03 ms, found 3 plugins.
Preloading 0 native plugins for Editor in 0.00 ms.
Unloading 5 Unused Serialized files (Serialized files now loaded: 0)
Unloading 3825 unused Assets / (1.8 MB). Loaded Objects now: 4399.
Memory consumption went from 111.3 MB to 109.5 MB.
Total: 7.240100 ms (FindLiveObjects: 0.401900 ms CreateObjectMapping: 0.211600 ms MarkObjects: 4.958600 ms  DeleteObjects: 1.666700 ms)

Prepare: number of updated asset objects reloaded= 0
========================================================================
Received Prepare
Refreshing native plugins compatible for Editor in 0.92 ms, found 3 plugins.
Preloading 0 native plugins for Editor in 0.00 ms.
Unloading 5 Unused Serialized files (Serialized files now loaded: 0)
Unloading 3818 unused Assets / (2.3 MB). Loaded Objects now: 4399.
Memory consumption went from 111.5 MB to 109.2 MB.
Total: 8.991500 ms (FindLiveObjects: 0.474600 ms CreateObjectMapping: 0.554800 ms MarkObjects: 5.776000 ms  DeleteObjects: 2.184500 ms)

Prepare: number of updated asset objects reloaded= 0
========================================================================
Received Prepare
Begin MonoManager ReloadAssembly
- Loaded All Assemblies, in  0.689 seconds
Refreshing native plugins compatible for Editor in 0.99 ms, found 3 plugins.
Native extension for WindowsStandalone target not found
Native extension for WebGL target not found
Mono: successfully reloaded assembly
- Finished resetting the current domain, in  0.626 seconds
Domain Reload Profiling: 1314ms
	BeginReloadAssembly (216ms)
		ExecutionOrderSort (0ms)
		DisableScriptedObjects (6ms)
		BackupInstance (0ms)
		ReleaseScriptingObjects (0ms)
		CreateAndSetChildDomain (59ms)
	RebuildCommonClasses (56ms)
	RebuildNativeTypeToScriptingClass (19ms)
	initialDomainReloadingComplete (38ms)
	LoadAllAssembliesAndSetupDomain (360ms)
		LoadAssemblies (295ms)
		RebuildTransferFunctionScriptingTraits (0ms)
		AnalyzeDomain (173ms)
			TypeCache.Refresh (11ms)
				TypeCache.ScanAssembly (2ms)
			BuildScriptInfoCaches (154ms)
			ResolveRequiredComponents (5ms)
	FinalizeReload (626ms)
		ReleaseScriptCaches (0ms)
		RebuildScriptCaches (0ms)
		SetupLoadedEditorAssemblies (515ms)
			LogAssemblyErrors (0ms)
			InitializePlatformSupportModulesInManaged (4ms)
			SetLoadedEditorAssemblies (6ms)
			BeforeProcessingInitializeOnLoad (118ms)
			ProcessInitializeOnLoadAttributes (360ms)
			ProcessInitializeOnLoadMethodAttributes (22ms)
			AfterProcessingInitializeOnLoad (5ms)
			EditorAssembliesLoaded (0ms)
		ExecutionOrderSort2 (0ms)
		AwakeInstancesAfterBackupRestoration (7ms)
Refreshing native plugins compatible for Editor in 1.08 ms, found 3 plugins.
Preloading 0 native plugins for Editor in 0.00 ms.
Unloading 5 Unused Serialized files (Serialized files now loaded: 0)
Unloading 3825 unused Assets / (2.0 MB). Loaded Objects now: 4399.
Memory consumption went from 111.3 MB to 109.3 MB.
Total: 7.730600 ms (FindLiveObjects: 0.665400 ms CreateObjectMapping: 0.777500 ms MarkObjects: 4.257900 ms  DeleteObjects: 2.028300 ms)

Prepare: number of updated asset objects reloaded= 0
========================================================================
Received Prepare
Refreshing native plugins compatible for Editor in 1.08 ms, found 3 plugins.
Preloading 0 native plugins for Editor in 0.00 ms.
Unloading 5 Unused Serialized files (Serialized files now loaded: 0)
Unloading 3818 unused Assets / (1.6 MB). Loaded Objects now: 4399.
Memory consumption went from 111.5 MB to 109.9 MB.
Total: 6.513100 ms (FindLiveObjects: 0.498300 ms CreateObjectMapping: 0.294700 ms MarkObjects: 4.144400 ms  DeleteObjects: 1.574600 ms)

Prepare: number of updated asset objects reloaded= 0
========================================================================
Received Prepare
Begin MonoManager ReloadAssembly
- Loaded All Assemblies, in  0.739 seconds
Refreshing native plugins compatible for Editor in 1.02 ms, found 3 plugins.
Native extension for WindowsStandalone target not found
Native extension for WebGL target not found
Mono: successfully reloaded assembly
- Finished resetting the current domain, in  0.691 seconds
Domain Reload Profiling: 1431ms
	BeginReloadAssembly (234ms)
		ExecutionOrderSort (0ms)
		DisableScriptedObjects (6ms)
		BackupInstance (0ms)
		ReleaseScriptingObjects (0ms)
		CreateAndSetChildDomain (60ms)
	RebuildCommonClasses (53ms)
	RebuildNativeTypeToScriptingClass (19ms)
	initialDomainReloadingComplete (36ms)
	LoadAllAssembliesAndSetupDomain (397ms)
		LoadAssemblies (341ms)
		RebuildTransferFunctionScriptingTraits (0ms)
		AnalyzeDomain (180ms)
			TypeCache.Refresh (10ms)
				TypeCache.ScanAssembly (2ms)
			BuildScriptInfoCaches (162ms)
			ResolveRequiredComponents (5ms)
	FinalizeReload (692ms)
		ReleaseScriptCaches (0ms)
		RebuildScriptCaches (0ms)
		SetupLoadedEditorAssemblies (560ms)
			LogAssemblyErrors (0ms)
			InitializePlatformSupportModulesInManaged (4ms)
			SetLoadedEditorAssemblies (6ms)
			BeforeProcessingInitializeOnLoad (121ms)
			ProcessInitializeOnLoadAttributes (397ms)
			ProcessInitializeOnLoadMethodAttributes (28ms)
			AfterProcessingInitializeOnLoad (5ms)
			EditorAssembliesLoaded (0ms)
		ExecutionOrderSort2 (0ms)
		AwakeInstancesAfterBackupRestoration (9ms)
Refreshing native plugins compatible for Editor in 0.88 ms, found 3 plugins.
Preloading 0 native plugins for Editor in 0.00 ms.
Unloading 5 Unused Serialized files (Serialized files now loaded: 0)
Unloading 3825 unused Assets / (1.8 MB). Loaded Objects now: 4399.
Memory consumption went from 111.3 MB to 109.6 MB.
Total: 7.598200 ms (FindLiveObjects: 0.410100 ms CreateObjectMapping: 0.526100 ms MarkObjects: 5.008300 ms  DeleteObjects: 1.652700 ms)

Prepare: number of updated asset objects reloaded= 0
========================================================================
Received Prepare
Refreshing native plugins compatible for Editor in 1.16 ms, found 3 plugins.
Preloading 0 native plugins for Editor in 0.00 ms.
Unloading 5 Unused Serialized files (Serialized files now loaded: 0)
Unloading 3818 unused Assets / (1.8 MB). Loaded Objects now: 4399.
Memory consumption went from 111.5 MB to 109.8 MB.
Total: 8.738800 ms (FindLiveObjects: 0.410100 ms CreateObjectMapping: 0.507200 ms MarkObjects: 6.077900 ms  DeleteObjects: 1.742100 ms)

Prepare: number of updated asset objects reloaded= 0
========================================================================
Received Prepare
Refreshing native plugins compatible for Editor in 1.23 ms, found 3 plugins.
Preloading 0 native plugins for Editor in 0.00 ms.
Unloading 5 Unused Serialized files (Serialized files now loaded: 0)
Unloading 3818 unused Assets / (1.7 MB). Loaded Objects now: 4399.
Memory consumption went from 111.5 MB to 109.8 MB.
Total: 7.750600 ms (FindLiveObjects: 0.635500 ms CreateObjectMapping: 0.709100 ms MarkObjects: 4.756600 ms  DeleteObjects: 1.648100 ms)

Prepare: number of updated asset objects reloaded= 0
========================================================================
Received Prepare
Begin MonoManager ReloadAssembly
- Loaded All Assemblies, in  0.718 seconds
Refreshing native plugins compatible for Editor in 1.03 ms, found 3 plugins.
Native extension for WindowsStandalone target not found
Native extension for WebGL target not found
Mono: successfully reloaded assembly
- Finished resetting the current domain, in  0.788 seconds
Domain Reload Profiling: 1505ms
	BeginReloadAssembly (261ms)
		ExecutionOrderSort (0ms)
		DisableScriptedObjects (7ms)
		BackupInstance (0ms)
		ReleaseScriptingObjects (0ms)
		CreateAndSetChildDomain (79ms)
	RebuildCommonClasses (35ms)
	RebuildNativeTypeToScriptingClass (12ms)
	initialDomainReloadingComplete (27ms)
	LoadAllAssembliesAndSetupDomain (381ms)
		LoadAssemblies (354ms)
		RebuildTransferFunctionScriptingTraits (0ms)
		AnalyzeDomain (156ms)
			TypeCache.Refresh (8ms)
				TypeCache.ScanAssembly (1ms)
			BuildScriptInfoCaches (140ms)
			ResolveRequiredComponents (5ms)
	FinalizeReload (789ms)
		ReleaseScriptCaches (0ms)
		RebuildScriptCaches (0ms)
		SetupLoadedEditorAssemblies (649ms)
			LogAssemblyErrors (0ms)
			InitializePlatformSupportModulesInManaged (4ms)
			SetLoadedEditorAssemblies (5ms)
			BeforeProcessingInitializeOnLoad (122ms)
			ProcessInitializeOnLoadAttributes (478ms)
			ProcessInitializeOnLoadMethodAttributes (33ms)
			AfterProcessingInitializeOnLoad (7ms)
			EditorAssembliesLoaded (0ms)
		ExecutionOrderSort2 (0ms)
		AwakeInstancesAfterBackupRestoration (10ms)
Refreshing native plugins compatible for Editor in 0.87 ms, found 3 plugins.
Preloading 0 native plugins for Editor in 0.00 ms.
Unloading 5 Unused Serialized files (Serialized files now loaded: 0)
Unloading 3825 unused Assets / (1.5 MB). Loaded Objects now: 4399.
Memory consumption went from 111.3 MB to 109.9 MB.
Total: 5.583800 ms (FindLiveObjects: 0.401300 ms CreateObjectMapping: 0.235800 ms MarkObjects: 3.931100 ms  DeleteObjects: 1.014900 ms)

Prepare: number of updated asset objects reloaded= 0
========================================================================
Received Prepare
Refreshing native plugins compatible for Editor in 0.94 ms, found 3 plugins.
Preloading 0 native plugins for Editor in 0.00 ms.
Unloading 5 Unused Serialized files (Serialized files now loaded: 0)
Unloading 3818 unused Assets / (1.7 MB). Loaded Objects now: 4399.
Memory consumption went from 111.5 MB to 109.9 MB.
Total: 6.854300 ms (FindLiveObjects: 0.418600 ms CreateObjectMapping: 0.481800 ms MarkObjects: 4.685500 ms  DeleteObjects: 1.267300 ms)

Prepare: number of updated asset objects reloaded= 0
========================================================================
Received Prepare
Begin MonoManager ReloadAssembly
- Loaded All Assemblies, in  0.601 seconds
Refreshing native plugins compatible for Editor in 0.84 ms, found 3 plugins.
Native extension for WindowsStandalone target not found
Native extension for WebGL target not found
Mono: successfully reloaded assembly
- Finished resetting the current domain, in  0.561 seconds
Domain Reload Profiling: 1163ms
	BeginReloadAssembly (181ms)
		ExecutionOrderSort (0ms)
		DisableScriptedObjects (5ms)
		BackupInstance (0ms)
		ReleaseScriptingObjects (0ms)
		CreateAndSetChildDomain (43ms)
	RebuildCommonClasses (36ms)
	RebuildNativeTypeToScriptingClass (11ms)
	initialDomainReloadingComplete (25ms)
	LoadAllAssembliesAndSetupDomain (348ms)
		LoadAssemblies (286ms)
		RebuildTransferFunctionScriptingTraits (0ms)
		AnalyzeDomain (156ms)
			TypeCache.Refresh (11ms)
				TypeCache.ScanAssembly (2ms)
			BuildScriptInfoCaches (135ms)
			ResolveRequiredComponents (6ms)
	FinalizeReload (561ms)
		ReleaseScriptCaches (0ms)
		RebuildScriptCaches (0ms)
		SetupLoadedEditorAssemblies (446ms)
			LogAssemblyErrors (0ms)
			InitializePlatformSupportModulesInManaged (4ms)
			SetLoadedEditorAssemblies (4ms)
			BeforeProcessingInitializeOnLoad (85ms)
			ProcessInitializeOnLoadAttributes (327ms)
			ProcessInitializeOnLoadMethodAttributes (21ms)
			AfterProcessingInitializeOnLoad (4ms)
			EditorAssembliesLoaded (0ms)
		ExecutionOrderSort2 (0ms)
		AwakeInstancesAfterBackupRestoration (6ms)
Refreshing native plugins compatible for Editor in 0.87 ms, found 3 plugins.
Preloading 0 native plugins for Editor in 0.00 ms.
Unloading 5 Unused Serialized files (Serialized files now loaded: 0)
Unloading 3825 unused Assets / (1.5 MB). Loaded Objects now: 4399.
Memory consumption went from 111.3 MB to 109.8 MB.
Total: 5.808600 ms (FindLiveObjects: 0.407700 ms CreateObjectMapping: 0.232300 ms MarkObjects: 4.047300 ms  DeleteObjects: 1.120600 ms)

Prepare: number of updated asset objects reloaded= 0
========================================================================
Received Prepare
Begin MonoManager ReloadAssembly
- Loaded All Assemblies, in  0.593 seconds
Refreshing native plugins compatible for Editor in 0.89 ms, found 3 plugins.
Native extension for WindowsStandalone target not found
Native extension for WebGL target not found
Mono: successfully reloaded assembly
- Finished resetting the current domain, in  0.593 seconds
Domain Reload Profiling: 1187ms
	BeginReloadAssembly (181ms)
		ExecutionOrderSort (0ms)
		DisableScriptedObjects (5ms)
		BackupInstance (0ms)
		ReleaseScriptingObjects (0ms)
		CreateAndSetChildDomain (44ms)
	RebuildCommonClasses (35ms)
	RebuildNativeTypeToScriptingClass (12ms)
	initialDomainReloadingComplete (26ms)
	LoadAllAssembliesAndSetupDomain (340ms)
		LoadAssemblies (284ms)
		RebuildTransferFunctionScriptingTraits (0ms)
		AnalyzeDomain (149ms)
			TypeCache.Refresh (5ms)
				TypeCache.ScanAssembly (0ms)
			BuildScriptInfoCaches (133ms)
			ResolveRequiredComponents (7ms)
	FinalizeReload (594ms)
		ReleaseScriptCaches (0ms)
		RebuildScriptCaches (0ms)
		SetupLoadedEditorAssemblies (478ms)
			LogAssemblyErrors (0ms)
			InitializePlatformSupportModulesInManaged (3ms)
			SetLoadedEditorAssemblies (4ms)
			BeforeProcessingInitializeOnLoad (89ms)
			ProcessInitializeOnLoadAttributes (351ms)
			ProcessInitializeOnLoadMethodAttributes (26ms)
			AfterProcessingInitializeOnLoad (5ms)
			EditorAssembliesLoaded (0ms)
		ExecutionOrderSort2 (0ms)
		AwakeInstancesAfterBackupRestoration (7ms)
Refreshing native plugins compatible for Editor in 1.11 ms, found 3 plugins.
Preloading 0 native plugins for Editor in 0.00 ms.
Unloading 5 Unused Serialized files (Serialized files now loaded: 0)
Unloading 3825 unused Assets / (1.6 MB). Loaded Objects now: 4399.
Memory consumption went from 111.3 MB to 109.7 MB.
Total: 6.534400 ms (FindLiveObjects: 0.416600 ms CreateObjectMapping: 0.472400 ms MarkObjects: 4.423200 ms  DeleteObjects: 1.221600 ms)

Prepare: number of updated asset objects reloaded= 0
========================================================================
Received Prepare
Refreshing native plugins compatible for Editor in 0.86 ms, found 3 plugins.
Preloading 0 native plugins for Editor in 0.00 ms.
Unloading 5 Unused Serialized files (Serialized files now loaded: 0)
Unloading 3818 unused Assets / (1.5 MB). Loaded Objects now: 4399.
Memory consumption went from 111.5 MB to 110.0 MB.
Total: 5.839500 ms (FindLiveObjects: 0.444300 ms CreateObjectMapping: 0.283200 ms MarkObjects: 4.068800 ms  DeleteObjects: 1.042700 ms)

Prepare: number of updated asset objects reloaded= 0
========================================================================
Received Prepare
Begin MonoManager ReloadAssembly
- Loaded All Assemblies, in  0.574 seconds
Refreshing native plugins compatible for Editor in 1.34 ms, found 3 plugins.
Native extension for WindowsStandalone target not found
Native extension for WebGL target not found
Mono: successfully reloaded assembly
- Finished resetting the current domain, in  0.560 seconds
Domain Reload Profiling: 1134ms
	BeginReloadAssembly (183ms)
		ExecutionOrderSort (0ms)
		DisableScriptedObjects (5ms)
		BackupInstance (0ms)
		ReleaseScriptingObjects (0ms)
		CreateAndSetChildDomain (44ms)
	RebuildCommonClasses (36ms)
	RebuildNativeTypeToScriptingClass (12ms)
	initialDomainReloadingComplete (25ms)
	LoadAllAssembliesAndSetupDomain (318ms)
		LoadAssemblies (275ms)
		RebuildTransferFunctionScriptingTraits (0ms)
		AnalyzeDomain (140ms)
			TypeCache.Refresh (11ms)
				TypeCache.ScanAssembly (2ms)
			BuildScriptInfoCaches (121ms)
			ResolveRequiredComponents (4ms)
	FinalizeReload (560ms)
		ReleaseScriptCaches (0ms)
		RebuildScriptCaches (0ms)
		SetupLoadedEditorAssemblies (443ms)
			LogAssemblyErrors (0ms)
			InitializePlatformSupportModulesInManaged (3ms)
			SetLoadedEditorAssemblies (4ms)
			BeforeProcessingInitializeOnLoad (88ms)
			ProcessInitializeOnLoadAttributes (321ms)
			ProcessInitializeOnLoadMethodAttributes (21ms)
			AfterProcessingInitializeOnLoad (5ms)
			EditorAssembliesLoaded (0ms)
		ExecutionOrderSort2 (0ms)
		AwakeInstancesAfterBackupRestoration (7ms)
Refreshing native plugins compatible for Editor in 0.89 ms, found 3 plugins.
Preloading 0 native plugins for Editor in 0.00 ms.
Unloading 5 Unused Serialized files (Serialized files now loaded: 0)
Unloading 3825 unused Assets / (1.6 MB). Loaded Objects now: 4399.
Memory consumption went from 111.3 MB to 109.7 MB.
Total: 6.112900 ms (FindLiveObjects: 0.467300 ms CreateObjectMapping: 0.508800 ms MarkObjects: 3.977000 ms  DeleteObjects: 1.158900 ms)

Prepare: number of updated asset objects reloaded= 0
========================================================================
Received Prepare
Begin MonoManager ReloadAssembly
- Loaded All Assemblies, in  0.565 seconds
Refreshing native plugins compatible for Editor in 0.82 ms, found 3 plugins.
Native extension for WindowsStandalone target not found
Native extension for WebGL target not found
Mono: successfully reloaded assembly
- Finished resetting the current domain, in  0.577 seconds
Domain Reload Profiling: 1142ms
	BeginReloadAssembly (183ms)
		ExecutionOrderSort (0ms)
		DisableScriptedObjects (5ms)
		BackupInstance (0ms)
		ReleaseScriptingObjects (0ms)
		CreateAndSetChildDomain (45ms)
	RebuildCommonClasses (35ms)
	RebuildNativeTypeToScriptingClass (11ms)
	initialDomainReloadingComplete (25ms)
	LoadAllAssembliesAndSetupDomain (310ms)
		LoadAssemblies (265ms)
		RebuildTransferFunctionScriptingTraits (0ms)
		AnalyzeDomain (141ms)
			TypeCache.Refresh (5ms)
				TypeCache.ScanAssembly (0ms)
			BuildScriptInfoCaches (128ms)
			ResolveRequiredComponents (4ms)
	FinalizeReload (578ms)
		ReleaseScriptCaches (0ms)
		RebuildScriptCaches (0ms)
		SetupLoadedEditorAssemblies (453ms)
			LogAssemblyErrors (0ms)
			InitializePlatformSupportModulesInManaged (3ms)
			SetLoadedEditorAssemblies (4ms)
			BeforeProcessingInitializeOnLoad (84ms)
			ProcessInitializeOnLoadAttributes (336ms)
			ProcessInitializeOnLoadMethodAttributes (23ms)
			AfterProcessingInitializeOnLoad (4ms)
			EditorAssembliesLoaded (0ms)
		ExecutionOrderSort2 (0ms)
		AwakeInstancesAfterBackupRestoration (6ms)
Refreshing native plugins compatible for Editor in 0.90 ms, found 3 plugins.
Preloading 0 native plugins for Editor in 0.00 ms.
Unloading 5 Unused Serialized files (Serialized files now loaded: 0)
Unloading 3825 unused Assets / (1.5 MB). Loaded Objects now: 4399.
Memory consumption went from 111.3 MB to 109.9 MB.
Total: 5.770900 ms (FindLiveObjects: 0.566800 ms CreateObjectMapping: 0.278000 ms MarkObjects: 3.908900 ms  DeleteObjects: 1.016100 ms)

Prepare: number of updated asset objects reloaded= 0
========================================================================
Received Prepare
Refreshing native plugins compatible for Editor in 1.24 ms, found 3 plugins.
Preloading 0 native plugins for Editor in 0.00 ms.
Unloading 5 Unused Serialized files (Serialized files now loaded: 0)
Unloading 3818 unused Assets / (1.9 MB). Loaded Objects now: 4399.
Memory consumption went from 111.5 MB to 109.6 MB.
Total: 8.461800 ms (FindLiveObjects: 0.712900 ms CreateObjectMapping: 0.309600 ms MarkObjects: 5.357000 ms  DeleteObjects: 2.080800 ms)

Prepare: number of updated asset objects reloaded= 0
========================================================================
Received Prepare
Begin MonoManager ReloadAssembly
- Loaded All Assemblies, in  0.778 seconds
Refreshing native plugins compatible for Editor in 1.29 ms, found 3 plugins.
Native extension for WindowsStandalone target not found
Native extension for WebGL target not found
Mono: successfully reloaded assembly
- Finished resetting the current domain, in  0.738 seconds
Domain Reload Profiling: 1513ms
	BeginReloadAssembly (234ms)
		ExecutionOrderSort (0ms)
		DisableScriptedObjects (6ms)
		BackupInstance (0ms)
		ReleaseScriptingObjects (0ms)
		CreateAndSetChildDomain (60ms)
	RebuildCommonClasses (54ms)
	RebuildNativeTypeToScriptingClass (19ms)
	initialDomainReloadingComplete (37ms)
	LoadAllAssembliesAndSetupDomain (432ms)
		LoadAssemblies (349ms)
		RebuildTransferFunctionScriptingTraits (0ms)
		AnalyzeDomain (205ms)
			TypeCache.Refresh (9ms)
				TypeCache.ScanAssembly (1ms)
			BuildScriptInfoCaches (185ms)
			ResolveRequiredComponents (7ms)
	FinalizeReload (738ms)
		ReleaseScriptCaches (0ms)
		RebuildScriptCaches (0ms)
		SetupLoadedEditorAssemblies (591ms)
			LogAssemblyErrors (0ms)
			InitializePlatformSupportModulesInManaged (4ms)
			SetLoadedEditorAssemblies (6ms)
			BeforeProcessingInitializeOnLoad (107ms)
			ProcessInitializeOnLoadAttributes (434ms)
			ProcessInitializeOnLoadMethodAttributes (30ms)
			AfterProcessingInitializeOnLoad (9ms)
			EditorAssembliesLoaded (0ms)
		ExecutionOrderSort2 (0ms)
		AwakeInstancesAfterBackupRestoration (7ms)
Refreshing native plugins compatible for Editor in 1.34 ms, found 3 plugins.
Preloading 0 native plugins for Editor in 0.00 ms.
Unloading 5 Unused Serialized files (Serialized files now loaded: 0)
Unloading 3825 unused Assets / (2.2 MB). Loaded Objects now: 4399.
Memory consumption went from 111.4 MB to 109.1 MB.
Total: 8.184700 ms (FindLiveObjects: 0.480100 ms CreateObjectMapping: 0.613000 ms MarkObjects: 5.003200 ms  DeleteObjects: 2.087100 ms)

Prepare: number of updated asset objects reloaded= 0
========================================================================
Received Prepare
Refreshing native plugins compatible for Editor in 0.91 ms, found 3 plugins.
Preloading 0 native plugins for Editor in 0.00 ms.
Unloading 5 Unused Serialized files (Serialized files now loaded: 0)
Unloading 3819 unused Assets / (1.7 MB). Loaded Objects now: 4400.
Memory consumption went from 111.5 MB to 109.9 MB.
Total: 5.993300 ms (FindLiveObjects: 0.451900 ms CreateObjectMapping: 0.245600 ms MarkObjects: 3.984300 ms  DeleteObjects: 1.310400 ms)

Prepare: number of updated asset objects reloaded= 0
========================================================================
Received Prepare
Begin MonoManager ReloadAssembly
- Loaded All Assemblies, in  0.632 seconds
Refreshing native plugins compatible for Editor in 0.91 ms, found 3 plugins.
Native extension for WindowsStandalone target not found
Native extension for WebGL target not found
Mono: successfully reloaded assembly
- Finished resetting the current domain, in  0.619 seconds
Domain Reload Profiling: 1250ms
	BeginReloadAssembly (207ms)
		ExecutionOrderSort (0ms)
		DisableScriptedObjects (8ms)
		BackupInstance (0ms)
		ReleaseScriptingObjects (0ms)
		CreateAndSetChildDomain (50ms)
	RebuildCommonClasses (35ms)
	RebuildNativeTypeToScriptingClass (12ms)
	initialDomainReloadingComplete (28ms)
	LoadAllAssembliesAndSetupDomain (348ms)
		LoadAssemblies (305ms)
		RebuildTransferFunctionScriptingTraits (0ms)
		AnalyzeDomain (155ms)
			TypeCache.Refresh (8ms)
				TypeCache.ScanAssembly (1ms)
			BuildScriptInfoCaches (139ms)
			ResolveRequiredComponents (4ms)
	FinalizeReload (620ms)
		ReleaseScriptCaches (0ms)
		RebuildScriptCaches (0ms)
		SetupLoadedEditorAssemblies (492ms)
			LogAssemblyErrors (0ms)
			InitializePlatformSupportModulesInManaged (3ms)
			SetLoadedEditorAssemblies (5ms)
			BeforeProcessingInitializeOnLoad (91ms)
			ProcessInitializeOnLoadAttributes (365ms)
			ProcessInitializeOnLoadMethodAttributes (23ms)
			AfterProcessingInitializeOnLoad (5ms)
			EditorAssembliesLoaded (0ms)
		ExecutionOrderSort2 (0ms)
		AwakeInstancesAfterBackupRestoration (7ms)
Refreshing native plugins compatible for Editor in 0.91 ms, found 3 plugins.
Preloading 0 native plugins for Editor in 0.00 ms.
Unloading 5 Unused Serialized files (Serialized files now loaded: 0)
Unloading 3826 unused Assets / (1.7 MB). Loaded Objects now: 4400.
Memory consumption went from 111.4 MB to 109.6 MB.
Total: 7.012100 ms (FindLiveObjects: 0.409900 ms CreateObjectMapping: 0.506000 ms MarkObjects: 4.669500 ms  DeleteObjects: 1.425600 ms)

Prepare: number of updated asset objects reloaded= 0
========================================================================
Received Prepare
Refreshing native plugins compatible for Editor in 0.93 ms, found 3 plugins.
Preloading 0 native plugins for Editor in 0.00 ms.
Unloading 5 Unused Serialized files (Serialized files now loaded: 0)
Unloading 3819 unused Assets / (1.9 MB). Loaded Objects now: 4400.
Memory consumption went from 111.5 MB to 109.6 MB.
Total: 7.849600 ms (FindLiveObjects: 0.712500 ms CreateObjectMapping: 0.902500 ms MarkObjects: 4.207500 ms  DeleteObjects: 2.026000 ms)

Prepare: number of updated asset objects reloaded= 0
========================================================================
Received Prepare
Refreshing native plugins compatible for Editor in 0.90 ms, found 3 plugins.
Preloading 0 native plugins for Editor in 0.00 ms.
Unloading 5 Unused Serialized files (Serialized files now loaded: 0)
Unloading 3819 unused Assets / (1.6 MB). Loaded Objects now: 4400.
Memory consumption went from 111.5 MB to 110.0 MB.
Total: 5.770300 ms (FindLiveObjects: 0.425000 ms CreateObjectMapping: 0.224400 ms MarkObjects: 4.030200 ms  DeleteObjects: 1.089900 ms)

Prepare: number of updated asset objects reloaded= 0
========================================================================
Received Prepare
Refreshing native plugins compatible for Editor in 2.57 ms, found 3 plugins.
Preloading 0 native plugins for Editor in 0.00 ms.
Unloading 5 Unused Serialized files (Serialized files now loaded: 0)
Unloading 3819 unused Assets / (1.6 MB). Loaded Objects now: 4400.
Memory consumption went from 111.5 MB to 109.9 MB.
Total: 6.532800 ms (FindLiveObjects: 0.436000 ms CreateObjectMapping: 0.248700 ms MarkObjects: 4.611600 ms  DeleteObjects: 1.235300 ms)

Prepare: number of updated asset objects reloaded= 0
========================================================================
Received Prepare
Refreshing native plugins compatible for Editor in 0.87 ms, found 3 plugins.
Preloading 0 native plugins for Editor in 0.00 ms.
Unloading 5 Unused Serialized files (Serialized files now loaded: 0)
Unloading 3819 unused Assets / (1.6 MB). Loaded Objects now: 4400.
Memory consumption went from 111.5 MB to 109.9 MB.
Total: 6.175500 ms (FindLiveObjects: 0.408200 ms CreateObjectMapping: 0.218400 ms MarkObjects: 4.306900 ms  DeleteObjects: 1.241000 ms)

Prepare: number of updated asset objects reloaded= 0
========================================================================
Received Prepare
Refreshing native plugins compatible for Editor in 0.90 ms, found 3 plugins.
Preloading 0 native plugins for Editor in 0.00 ms.
Unloading 5 Unused Serialized files (Serialized files now loaded: 0)
Unloading 3819 unused Assets / (1.6 MB). Loaded Objects now: 4400.
Memory consumption went from 111.5 MB to 109.9 MB.
Total: 6.079500 ms (FindLiveObjects: 0.415200 ms CreateObjectMapping: 0.250300 ms MarkObjects: 4.187700 ms  DeleteObjects: 1.225000 ms)

Prepare: number of updated asset objects reloaded= 0
========================================================================
Received Import Request.
  Time since last request: 849.167655 seconds.
  path: Assets/ItemController.cs
  artifactKey: Guid(a23fc7656b32a354c8a207f719b013b1) Importer(815301076,1909f56bfc062723c751e8b465ee728b)
Start importing Assets/ItemController.cs using Guid(a23fc7656b32a354c8a207f719b013b1) Importer(815301076,1909f56bfc062723c751e8b465ee728b) (PreviewImporter) -> (artifact id: 'e6152af529f38cc271dce414c8f6e8a1') in 0.0021296 seconds
Number of updated asset objects reloaded before import = 0Number of asset objects unloaded after import = 0

========================================================================
Received Prepare
Refreshing native plugins compatible for Editor in 1.11 ms, found 3 plugins.
Preloading 0 native plugins for Editor in 0.00 ms.
Unloading 5 Unused Serialized files (Serialized files now loaded: 0)
Unloading 3819 unused Assets / (1.9 MB). Loaded Objects now: 4400.
Memory consumption went from 111.5 MB to 109.7 MB.
Total: 7.826500 ms (FindLiveObjects: 0.432500 ms CreateObjectMapping: 0.285500 ms MarkObjects: 5.264600 ms  DeleteObjects: 1.842500 ms)

Prepare: number of updated asset objects reloaded= 0
========================================================================
Received Import Request.
  Time since last request: 25.081855 seconds.
  path: Assets/ItemController.cs
  artifactKey: Guid(a23fc7656b32a354c8a207f719b013b1) Importer(815301076,1909f56bfc062723c751e8b465ee728b)
Start importing Assets/ItemController.cs using Guid(a23fc7656b32a354c8a207f719b013b1) Importer(815301076,1909f56bfc062723c751e8b465ee728b) (PreviewImporter) -> (artifact id: '49528b32b23ddaf1816d8a04cdc622b3') in 0.0007132 seconds
Number of updated asset objects reloaded before import = 0Number of asset objects unloaded after import = 0

========================================================================
Received Prepare
Refreshing native plugins compatible for Editor in 0.88 ms, found 3 plugins.
Preloading 0 native plugins for Editor in 0.00 ms.
Unloading 5 Unused Serialized files (Serialized files now loaded: 0)
Unloading 3819 unused Assets / (1.6 MB). Loaded Objects now: 4400.
Memory consumption went from 111.5 MB to 109.9 MB.
Total: 18.234400 ms (FindLiveObjects: 0.412500 ms CreateObjectMapping: 0.224800 ms MarkObjects: 13.633300 ms  DeleteObjects: 3.962300 ms)

Prepare: number of updated asset objects reloaded= 0
========================================================================
Received Import Request.
  Time since last request: 14.280501 seconds.
  path: Assets/ItemController.cs
  artifactKey: Guid(a23fc7656b32a354c8a207f719b013b1) Importer(815301076,1909f56bfc062723c751e8b465ee728b)
Start importing Assets/ItemController.cs using Guid(a23fc7656b32a354c8a207f719b013b1) Importer(815301076,1909f56bfc062723c751e8b465ee728b) (PreviewImporter) -> (artifact id: '453477d9886ceafe4d031407678fe13b') in 0.0009373 seconds
Number of updated asset objects reloaded before import = 0Number of asset objects unloaded after import = 0

========================================================================
Received Prepare
Begin MonoManager ReloadAssembly
- Loaded All Assemblies, in  0.587 seconds
Refreshing native plugins compatible for Editor in 0.79 ms, found 3 plugins.
Native extension for WindowsStandalone target not found
Native extension for WebGL target not found
Mono: successfully reloaded assembly
- Finished resetting the current domain, in  0.538 seconds
Domain Reload Profiling: 1125ms
	BeginReloadAssembly (185ms)
		ExecutionOrderSort (0ms)
		DisableScriptedObjects (5ms)
		BackupInstance (0ms)
		ReleaseScriptingObjects (0ms)
		CreateAndSetChildDomain (43ms)
	RebuildCommonClasses (35ms)
	RebuildNativeTypeToScriptingClass (15ms)
	initialDomainReloadingComplete (27ms)
	LoadAllAssembliesAndSetupDomain (325ms)
		LoadAssemblies (278ms)
		RebuildTransferFunctionScriptingTraits (0ms)
		AnalyzeDomain (146ms)
			TypeCache.Refresh (8ms)
				TypeCache.ScanAssembly (1ms)
			BuildScriptInfoCaches (129ms)
			ResolveRequiredComponents (5ms)
	FinalizeReload (539ms)
		ReleaseScriptCaches (0ms)
		RebuildScriptCaches (0ms)
		SetupLoadedEditorAssemblies (432ms)
			LogAssemblyErrors (0ms)
			InitializePlatformSupportModulesInManaged (3ms)
			SetLoadedEditorAssemblies (4ms)
			BeforeProcessingInitializeOnLoad (82ms)
			ProcessInitializeOnLoadAttributes (316ms)
			ProcessInitializeOnLoadMethodAttributes (22ms)
			AfterProcessingInitializeOnLoad (5ms)
			EditorAssembliesLoaded (0ms)
		ExecutionOrderSort2 (0ms)
		AwakeInstancesAfterBackupRestoration (7ms)
Refreshing native plugins compatible for Editor in 0.87 ms, found 3 plugins.
Preloading 0 native plugins for Editor in 0.00 ms.
Unloading 5 Unused Serialized files (Serialized files now loaded: 0)
Unloading 3826 unused Assets / (1.6 MB). Loaded Objects now: 4400.
Memory consumption went from 111.4 MB to 109.8 MB.
Total: 5.822000 ms (FindLiveObjects: 0.457900 ms CreateObjectMapping: 0.250400 ms MarkObjects: 4.018000 ms  DeleteObjects: 1.094900 ms)

Prepare: number of updated asset objects reloaded= 0
========================================================================
Received Prepare
Refreshing native plugins compatible for Editor in 0.92 ms, found 3 plugins.
Preloading 0 native plugins for Editor in 0.00 ms.
Unloading 5 Unused Serialized files (Serialized files now loaded: 0)
Unloading 3819 unused Assets / (2.3 MB). Loaded Objects now: 4400.
Memory consumption went from 111.5 MB to 109.2 MB.
Total: 10.165000 ms (FindLiveObjects: 0.481900 ms CreateObjectMapping: 0.559600 ms MarkObjects: 6.831300 ms  DeleteObjects: 2.290700 ms)

Prepare: number of updated asset objects reloaded= 0
========================================================================
Received Import Request.
  Time since last request: 16.753147 seconds.
  path: Assets/ItemController.cs
  artifactKey: Guid(a23fc7656b32a354c8a207f719b013b1) Importer(815301076,1909f56bfc062723c751e8b465ee728b)
Start importing Assets/ItemController.cs using Guid(a23fc7656b32a354c8a207f719b013b1) Importer(815301076,1909f56bfc062723c751e8b465ee728b) (PreviewImporter) -> (artifact id: '5187de4264c7449bfc50ac1b38ba9308') in 0.0017729 seconds
Number of updated asset objects reloaded before import = 0Number of asset objects unloaded after import = 0

========================================================================
Received Prepare
Refreshing native plugins compatible for Editor in 0.91 ms, found 3 plugins.
Preloading 0 native plugins for Editor in 0.00 ms.
Unloading 5 Unused Serialized files (Serialized files now loaded: 0)
Unloading 3819 unused Assets / (1.7 MB). Loaded Objects now: 4400.
Memory consumption went from 111.5 MB to 109.9 MB.
Total: 6.793800 ms (FindLiveObjects: 0.441900 ms CreateObjectMapping: 0.499700 ms MarkObjects: 4.517700 ms  DeleteObjects: 1.333900 ms)

Prepare: number of updated asset objects reloaded= 0
========================================================================
Received Prepare
Refreshing native plugins compatible for Editor in 1.37 ms, found 3 plugins.
Preloading 0 native plugins for Editor in 0.00 ms.
Unloading 5 Unused Serialized files (Serialized files now loaded: 0)
Unloading 3819 unused Assets / (1.7 MB). Loaded Objects now: 4400.
Memory consumption went from 111.5 MB to 109.9 MB.
Total: 8.743700 ms (FindLiveObjects: 0.784600 ms CreateObjectMapping: 0.333700 ms MarkObjects: 5.940800 ms  DeleteObjects: 1.682700 ms)

Prepare: number of updated asset objects reloaded= 0
========================================================================
Received Prepare
Refreshing native plugins compatible for Editor in 0.93 ms, found 3 plugins.
Preloading 0 native plugins for Editor in 0.00 ms.
Unloading 5 Unused Serialized files (Serialized files now loaded: 0)
Unloading 3819 unused Assets / (1.7 MB). Loaded Objects now: 4400.
Memory consumption went from 111.5 MB to 109.8 MB.
Total: 7.373500 ms (FindLiveObjects: 0.415100 ms CreateObjectMapping: 0.233700 ms MarkObjects: 5.162000 ms  DeleteObjects: 1.561400 ms)

Prepare: number of updated asset objects reloaded= 0
========================================================================
Received Prepare
Refreshing native plugins compatible for Editor in 0.92 ms, found 3 plugins.
Preloading 0 native plugins for Editor in 0.00 ms.
Unloading 5 Unused Serialized files (Serialized files now loaded: 0)
Unloading 3819 unused Assets / (1.4 MB). Loaded Objects now: 4400.
Memory consumption went from 111.5 MB to 110.1 MB.
Total: 6.236500 ms (FindLiveObjects: 0.440500 ms CreateObjectMapping: 0.249600 ms MarkObjects: 4.447700 ms  DeleteObjects: 1.097700 ms)

Prepare: number of updated asset objects reloaded= 0
========================================================================
Received Prepare
Refreshing native plugins compatible for Editor in 1.36 ms, found 3 plugins.
Preloading 0 native plugins for Editor in 0.00 ms.
Unloading 5 Unused Serialized files (Serialized files now loaded: 0)
Unloading 3819 unused Assets / (1.6 MB). Loaded Objects now: 4400.
Memory consumption went from 111.5 MB to 109.9 MB.
Total: 7.898000 ms (FindLiveObjects: 0.726000 ms CreateObjectMapping: 0.606100 ms MarkObjects: 5.144600 ms  DeleteObjects: 1.420200 ms)

Prepare: number of updated asset objects reloaded= 0
========================================================================
Received Prepare
Refreshing native plugins compatible for Editor in 1.07 ms, found 3 plugins.
Preloading 0 native plugins for Editor in 0.00 ms.
Unloading 5 Unused Serialized files (Serialized files now loaded: 0)
Unloading 3819 unused Assets / (1.6 MB). Loaded Objects now: 4400.
Memory consumption went from 111.5 MB to 110.0 MB.
Total: 5.910300 ms (FindLiveObjects: 0.426500 ms CreateObjectMapping: 0.247200 ms MarkObjects: 4.086100 ms  DeleteObjects: 1.149800 ms)

Prepare: number of updated asset objects reloaded= 0
========================================================================
Received Prepare
Refreshing native plugins compatible for Editor in 1.95 ms, found 3 plugins.
Preloading 0 native plugins for Editor in 0.00 ms.
Unloading 5 Unused Serialized files (Serialized files now loaded: 0)
Unloading 3819 unused Assets / (1.5 MB). Loaded Objects now: 4400.
Memory consumption went from 111.5 MB to 110.1 MB.
Total: 7.105700 ms (FindLiveObjects: 0.694400 ms CreateObjectMapping: 0.510500 ms MarkObjects: 4.518400 ms  DeleteObjects: 1.381000 ms)

Prepare: number of updated asset objects reloaded= 0
========================================================================
Received Prepare
Refreshing native plugins compatible for Editor in 0.88 ms, found 3 plugins.
Preloading 0 native plugins for Editor in 0.00 ms.
Unloading 5 Unused Serialized files (Serialized files now loaded: 0)
Unloading 3819 unused Assets / (1.5 MB). Loaded Objects now: 4400.
Memory consumption went from 111.5 MB to 110.1 MB.
Total: 5.611500 ms (FindLiveObjects: 0.408200 ms CreateObjectMapping: 0.202300 ms MarkObjects: 3.985600 ms  DeleteObjects: 1.014900 ms)

Prepare: number of updated asset objects reloaded= 0
========================================================================
Received Prepare
Refreshing native plugins compatible for Editor in 0.88 ms, found 3 plugins.
Preloading 0 native plugins for Editor in 0.00 ms.
Unloading 5 Unused Serialized files (Serialized files now loaded: 0)
Unloading 3819 unused Assets / (1.6 MB). Loaded Objects now: 4400.
Memory consumption went from 111.5 MB to 110.0 MB.
Total: 6.444600 ms (FindLiveObjects: 0.434300 ms CreateObjectMapping: 0.358000 ms MarkObjects: 4.453200 ms  DeleteObjects: 1.198200 ms)

Prepare: number of updated asset objects reloaded= 0
========================================================================
Received Prepare
Refreshing native plugins compatible for Editor in 4.70 ms, found 3 plugins.
Preloading 0 native plugins for Editor in 0.00 ms.
Unloading 5 Unused Serialized files (Serialized files now loaded: 0)
Unloading 3819 unused Assets / (1.6 MB). Loaded Objects now: 4400.
Memory consumption went from 111.5 MB to 109.9 MB.
Total: 11.016200 ms (FindLiveObjects: 0.584400 ms CreateObjectMapping: 0.240500 ms MarkObjects: 8.585900 ms  DeleteObjects: 1.604000 ms)

Prepare: number of updated asset objects reloaded= 0
========================================================================
Received Prepare
Refreshing native plugins compatible for Editor in 1.21 ms, found 3 plugins.
Preloading 0 native plugins for Editor in 0.00 ms.
Unloading 5 Unused Serialized files (Serialized files now loaded: 0)
Unloading 3819 unused Assets / (1.9 MB). Loaded Objects now: 4400.
Memory consumption went from 111.5 MB to 109.7 MB.
Total: 7.357900 ms (FindLiveObjects: 0.487300 ms CreateObjectMapping: 0.537800 ms MarkObjects: 4.647800 ms  DeleteObjects: 1.683700 ms)

Prepare: number of updated asset objects reloaded= 0
========================================================================
Received Prepare
Refreshing native plugins compatible for Editor in 0.92 ms, found 3 plugins.
Preloading 0 native plugins for Editor in 0.00 ms.
Unloading 5 Unused Serialized files (Serialized files now loaded: 0)
Unloading 3819 unused Assets / (1.7 MB). Loaded Objects now: 4400.
Memory consumption went from 111.5 MB to 109.9 MB.
Total: 6.285700 ms (FindLiveObjects: 0.435900 ms CreateObjectMapping: 0.219100 ms MarkObjects: 4.203200 ms  DeleteObjects: 1.426500 ms)

Prepare: number of updated asset objects reloaded= 0
========================================================================
Received Prepare
Refreshing native plugins compatible for Editor in 0.97 ms, found 3 plugins.
Preloading 0 native plugins for Editor in 0.00 ms.
Unloading 5 Unused Serialized files (Serialized files now loaded: 0)
Unloading 3819 unused Assets / (1.5 MB). Loaded Objects now: 4400.
Memory consumption went from 111.5 MB to 110.0 MB.
Total: 6.495900 ms (FindLiveObjects: 0.443700 ms CreateObjectMapping: 0.354500 ms MarkObjects: 4.443500 ms  DeleteObjects: 1.252600 ms)

Prepare: number of updated asset objects reloaded= 0
========================================================================
Received Prepare
Refreshing native plugins compatible for Editor in 0.84 ms, found 3 plugins.
Preloading 0 native plugins for Editor in 0.00 ms.
Unloading 5 Unused Serialized files (Serialized files now loaded: 0)
Unloading 3819 unused Assets / (1.6 MB). Loaded Objects now: 4400.
Memory consumption went from 111.5 MB to 109.9 MB.
Total: 6.105900 ms (FindLiveObjects: 0.411900 ms CreateObjectMapping: 0.494600 ms MarkObjects: 4.042100 ms  DeleteObjects: 1.156800 ms)

Prepare: number of updated asset objects reloaded= 0
========================================================================
Received Prepare
Refreshing native plugins compatible for Editor in 1.37 ms, found 3 plugins.
Preloading 0 native plugins for Editor in 0.00 ms.
Unloading 5 Unused Serialized files (Serialized files now loaded: 0)
Unloading 3818 unused Assets / (1.7 MB). Loaded Objects now: 4399.
Memory consumption went from 111.5 MB to 109.8 MB.
Total: 11.287500 ms (FindLiveObjects: 1.209100 ms CreateObjectMapping: 0.459000 ms MarkObjects: 7.973600 ms  DeleteObjects: 1.644100 ms)

Prepare: number of updated asset objects reloaded= 0
========================================================================
Received Prepare
Begin MonoManager ReloadAssembly
- Loaded All Assemblies, in  0.587 seconds
Refreshing native plugins compatible for Editor in 1.02 ms, found 3 plugins.
Native extension for WindowsStandalone target not found
Native extension for WebGL target not found
Mono: successfully reloaded assembly
- Finished resetting the current domain, in  0.569 seconds
Domain Reload Profiling: 1156ms
	BeginReloadAssembly (184ms)
		ExecutionOrderSort (0ms)
		DisableScriptedObjects (5ms)
		BackupInstance (0ms)
		ReleaseScriptingObjects (0ms)
		CreateAndSetChildDomain (42ms)
	RebuildCommonClasses (36ms)
	RebuildNativeTypeToScriptingClass (13ms)
	initialDomainReloadingComplete (26ms)
	LoadAllAssembliesAndSetupDomain (327ms)
		LoadAssemblies (279ms)
		RebuildTransferFunctionScriptingTraits (0ms)
		AnalyzeDomain (142ms)
			TypeCache.Refresh (8ms)
				TypeCache.ScanAssembly (1ms)
			BuildScriptInfoCaches (127ms)
			ResolveRequiredComponents (4ms)
	FinalizeReload (570ms)
		ReleaseScriptCaches (0ms)
		RebuildScriptCaches (0ms)
		SetupLoadedEditorAssemblies (454ms)
			LogAssemblyErrors (0ms)
			InitializePlatformSupportModulesInManaged (3ms)
			SetLoadedEditorAssemblies (4ms)
			BeforeProcessingInitializeOnLoad (88ms)
			ProcessInitializeOnLoadAttributes (332ms)
			ProcessInitializeOnLoadMethodAttributes (22ms)
			AfterProcessingInitializeOnLoad (4ms)
			EditorAssembliesLoaded (0ms)
		ExecutionOrderSort2 (0ms)
		AwakeInstancesAfterBackupRestoration (7ms)
Refreshing native plugins compatible for Editor in 0.87 ms, found 3 plugins.
Preloading 0 native plugins for Editor in 0.00 ms.
Unloading 5 Unused Serialized files (Serialized files now loaded: 0)
Unloading 3825 unused Assets / (1.5 MB). Loaded Objects now: 4399.
Memory consumption went from 111.4 MB to 109.9 MB.
Total: 5.846000 ms (FindLiveObjects: 0.436900 ms CreateObjectMapping: 0.241300 ms MarkObjects: 4.114800 ms  DeleteObjects: 1.052000 ms)

Prepare: number of updated asset objects reloaded= 0
========================================================================
Received Prepare
Begin MonoManager ReloadAssembly
- Loaded All Assemblies, in  0.571 seconds
Refreshing native plugins compatible for Editor in 0.81 ms, found 3 plugins.
Native extension for WindowsStandalone target not found
Native extension for WebGL target not found
Mono: successfully reloaded assembly
- Finished resetting the current domain, in  0.575 seconds
Domain Reload Profiling: 1147ms
	BeginReloadAssembly (183ms)
		ExecutionOrderSort (0ms)
		DisableScriptedObjects (6ms)
		BackupInstance (0ms)
		ReleaseScriptingObjects (0ms)
		CreateAndSetChildDomain (46ms)
	RebuildCommonClasses (34ms)
	RebuildNativeTypeToScriptingClass (13ms)
	initialDomainReloadingComplete (26ms)
	LoadAllAssembliesAndSetupDomain (315ms)
		LoadAssemblies (269ms)
		RebuildTransferFunctionScriptingTraits (0ms)
		AnalyzeDomain (140ms)
			TypeCache.Refresh (5ms)
				TypeCache.ScanAssembly (0ms)
			BuildScriptInfoCaches (127ms)
			ResolveRequiredComponents (4ms)
	FinalizeReload (576ms)
		ReleaseScriptCaches (0ms)
		RebuildScriptCaches (0ms)
		SetupLoadedEditorAssemblies (461ms)
			LogAssemblyErrors (0ms)
			InitializePlatformSupportModulesInManaged (3ms)
			SetLoadedEditorAssemblies (5ms)
			BeforeProcessingInitializeOnLoad (88ms)
			ProcessInitializeOnLoadAttributes (338ms)
			ProcessInitializeOnLoadMethodAttributes (22ms)
			AfterProcessingInitializeOnLoad (5ms)
			EditorAssembliesLoaded (0ms)
		ExecutionOrderSort2 (0ms)
		AwakeInstancesAfterBackupRestoration (6ms)
Refreshing native plugins compatible for Editor in 0.87 ms, found 3 plugins.
Preloading 0 native plugins for Editor in 0.00 ms.
Unloading 5 Unused Serialized files (Serialized files now loaded: 0)
Unloading 3825 unused Assets / (1.9 MB). Loaded Objects now: 4399.
Memory consumption went from 111.4 MB to 109.4 MB.
Total: 7.649400 ms (FindLiveObjects: 0.408000 ms CreateObjectMapping: 0.505600 ms MarkObjects: 4.881200 ms  DeleteObjects: 1.853800 ms)

Prepare: number of updated asset objects reloaded= 0
========================================================================
Received Prepare
Begin MonoManager ReloadAssembly
- Loaded All Assemblies, in  0.600 seconds
Refreshing native plugins compatible for Editor in 0.99 ms, found 3 plugins.
Native extension for WindowsStandalone target not found
Native extension for WebGL target not found
Mono: successfully reloaded assembly
- Finished resetting the current domain, in  0.659 seconds
Domain Reload Profiling: 1260ms
	BeginReloadAssembly (194ms)
		ExecutionOrderSort (0ms)
		DisableScriptedObjects (6ms)
		BackupInstance (0ms)
		ReleaseScriptingObjects (0ms)
		CreateAndSetChildDomain (48ms)
	RebuildCommonClasses (37ms)
	RebuildNativeTypeToScriptingClass (16ms)
	initialDomainReloadingComplete (25ms)
	LoadAllAssembliesAndSetupDomain (329ms)
		LoadAssemblies (278ms)
		RebuildTransferFunctionScriptingTraits (0ms)
		AnalyzeDomain (153ms)
			TypeCache.Refresh (5ms)
				TypeCache.ScanAssembly (0ms)
			BuildScriptInfoCaches (138ms)
			ResolveRequiredComponents (6ms)
	FinalizeReload (659ms)
		ReleaseScriptCaches (0ms)
		RebuildScriptCaches (0ms)
		SetupLoadedEditorAssemblies (524ms)
			LogAssemblyErrors (0ms)
			InitializePlatformSupportModulesInManaged (4ms)
			SetLoadedEditorAssemblies (4ms)
			BeforeProcessingInitializeOnLoad (99ms)
			ProcessInitializeOnLoadAttributes (385ms)
			ProcessInitializeOnLoadMethodAttributes (26ms)
			AfterProcessingInitializeOnLoad (5ms)
			EditorAssembliesLoaded (0ms)
		ExecutionOrderSort2 (0ms)
		AwakeInstancesAfterBackupRestoration (7ms)
Refreshing native plugins compatible for Editor in 0.88 ms, found 3 plugins.
Preloading 0 native plugins for Editor in 0.00 ms.
Unloading 5 Unused Serialized files (Serialized files now loaded: 0)
Unloading 3825 unused Assets / (2.0 MB). Loaded Objects now: 4399.
Memory consumption went from 111.4 MB to 109.3 MB.
Total: 8.032600 ms (FindLiveObjects: 0.455500 ms CreateObjectMapping: 0.540800 ms MarkObjects: 5.170200 ms  DeleteObjects: 1.864000 ms)

Prepare: number of updated asset objects reloaded= 0
========================================================================
Received Prepare
Refreshing native plugins compatible for Editor in 1.20 ms, found 3 plugins.
Preloading 0 native plugins for Editor in 0.00 ms.
Unloading 5 Unused Serialized files (Serialized files now loaded: 0)
Unloading 3818 unused Assets / (1.8 MB). Loaded Objects now: 4399.
Memory consumption went from 111.5 MB to 109.8 MB.
Total: 8.192700 ms (FindLiveObjects: 0.453300 ms CreateObjectMapping: 0.234400 ms MarkObjects: 5.869700 ms  DeleteObjects: 1.633700 ms)

Prepare: number of updated asset objects reloaded= 0
========================================================================
Received Prepare
Begin MonoManager ReloadAssembly
- Loaded All Assemblies, in  0.770 seconds
Refreshing native plugins compatible for Editor in 1.27 ms, found 3 plugins.
Native extension for WindowsStandalone target not found
Native extension for WebGL target not found
Mono: successfully reloaded assembly
- Finished resetting the current domain, in  0.761 seconds
Domain Reload Profiling: 1532ms
	BeginReloadAssembly (211ms)
		ExecutionOrderSort (0ms)
		DisableScriptedObjects (6ms)
		BackupInstance (0ms)
		ReleaseScriptingObjects (0ms)
		CreateAndSetChildDomain (54ms)
	RebuildCommonClasses (54ms)
	RebuildNativeTypeToScriptingClass (20ms)
	initialDomainReloadingComplete (31ms)
	LoadAllAssembliesAndSetupDomain (454ms)
		LoadAssemblies (359ms)
		RebuildTransferFunctionScriptingTraits (0ms)
		AnalyzeDomain (201ms)
			TypeCache.Refresh (11ms)
				TypeCache.ScanAssembly (2ms)
			BuildScriptInfoCaches (183ms)
			ResolveRequiredComponents (5ms)
	FinalizeReload (762ms)
		ReleaseScriptCaches (0ms)
		RebuildScriptCaches (0ms)
		SetupLoadedEditorAssemblies (609ms)
			LogAssemblyErrors (0ms)
			InitializePlatformSupportModulesInManaged (3ms)
			SetLoadedEditorAssemblies (4ms)
			BeforeProcessingInitializeOnLoad (112ms)
			ProcessInitializeOnLoadAttributes (452ms)
			ProcessInitializeOnLoadMethodAttributes (31ms)
			AfterProcessingInitializeOnLoad (7ms)
			EditorAssembliesLoaded (0ms)
		ExecutionOrderSort2 (0ms)
		AwakeInstancesAfterBackupRestoration (9ms)
Refreshing native plugins compatible for Editor in 1.14 ms, found 3 plugins.
Preloading 0 native plugins for Editor in 0.00 ms.
Unloading 5 Unused Serialized files (Serialized files now loaded: 0)
Unloading 3825 unused Assets / (1.8 MB). Loaded Objects now: 4399.
Memory consumption went from 111.4 MB to 109.5 MB.
Total: 7.519300 ms (FindLiveObjects: 0.452400 ms CreateObjectMapping: 0.528400 ms MarkObjects: 4.805100 ms  DeleteObjects: 1.732200 ms)

Prepare: number of updated asset objects reloaded= 0
========================================================================
Received Prepare
Refreshing native plugins compatible for Editor in 1.10 ms, found 3 plugins.
Preloading 0 native plugins for Editor in 0.00 ms.
Unloading 5 Unused Serialized files (Serialized files now loaded: 0)
Unloading 3818 unused Assets / (1.9 MB). Loaded Objects now: 4399.
Memory consumption went from 111.5 MB to 109.7 MB.
Total: 7.463400 ms (FindLiveObjects: 0.428600 ms CreateObjectMapping: 0.570000 ms MarkObjects: 4.677600 ms  DeleteObjects: 1.786200 ms)

Prepare: number of updated asset objects reloaded= 0
========================================================================
Received Prepare
Begin MonoManager ReloadAssembly
- Loaded All Assemblies, in  0.581 seconds
Refreshing native plugins compatible for Editor in 0.85 ms, found 3 plugins.
Native extension for WindowsStandalone target not found
Native extension for WebGL target not found
Mono: successfully reloaded assembly
- Finished resetting the current domain, in  0.541 seconds
Domain Reload Profiling: 1123ms
	BeginReloadAssembly (183ms)
		ExecutionOrderSort (0ms)
		DisableScriptedObjects (5ms)
		BackupInstance (0ms)
		ReleaseScriptingObjects (0ms)
		CreateAndSetChildDomain (45ms)
	RebuildCommonClasses (35ms)
	RebuildNativeTypeToScriptingClass (12ms)
	initialDomainReloadingComplete (27ms)
	LoadAllAssembliesAndSetupDomain (325ms)
		LoadAssemblies (283ms)
		RebuildTransferFunctionScriptingTraits (0ms)
		AnalyzeDomain (135ms)
			TypeCache.Refresh (8ms)
				TypeCache.ScanAssembly (1ms)
			BuildScriptInfoCaches (120ms)
			ResolveRequiredComponents (4ms)
	FinalizeReload (542ms)
		ReleaseScriptCaches (0ms)
		RebuildScriptCaches (0ms)
		SetupLoadedEditorAssemblies (432ms)
			LogAssemblyErrors (0ms)
			InitializePlatformSupportModulesInManaged (3ms)
			SetLoadedEditorAssemblies (5ms)
			BeforeProcessingInitializeOnLoad (80ms)
			ProcessInitializeOnLoadAttributes (318ms)
			ProcessInitializeOnLoadMethodAttributes (21ms)
			AfterProcessingInitializeOnLoad (4ms)
			EditorAssembliesLoaded (0ms)
		ExecutionOrderSort2 (0ms)
		AwakeInstancesAfterBackupRestoration (6ms)
Refreshing native plugins compatible for Editor in 0.90 ms, found 3 plugins.
Preloading 0 native plugins for Editor in 0.00 ms.
Unloading 5 Unused Serialized files (Serialized files now loaded: 0)
Unloading 3825 unused Assets / (1.6 MB). Loaded Objects now: 4399.
Memory consumption went from 111.4 MB to 109.7 MB.
Total: 6.566900 ms (FindLiveObjects: 0.404600 ms CreateObjectMapping: 0.477100 ms MarkObjects: 4.400900 ms  DeleteObjects: 1.283500 ms)

Prepare: number of updated asset objects reloaded= 0
========================================================================
Received Prepare
Refreshing native plugins compatible for Editor in 0.88 ms, found 3 plugins.
Preloading 0 native plugins for Editor in 0.00 ms.
Unloading 5 Unused Serialized files (Serialized files now loaded: 0)
Unloading 3818 unused Assets / (1.7 MB). Loaded Objects now: 4399.
Memory consumption went from 111.5 MB to 109.9 MB.
Total: 7.654800 ms (FindLiveObjects: 0.457500 ms CreateObjectMapping: 0.332700 ms MarkObjects: 5.230800 ms  DeleteObjects: 1.632400 ms)

Prepare: number of updated asset objects reloaded= 0
========================================================================
Received Prepare
Refreshing native plugins compatible for Editor in 1.31 ms, found 3 plugins.
Preloading 0 native plugins for Editor in 0.00 ms.
Unloading 5 Unused Serialized files (Serialized files now loaded: 0)
Unloading 3818 unused Assets / (2.0 MB). Loaded Objects now: 4399.
Memory consumption went from 111.5 MB to 109.5 MB.
Total: 9.573000 ms (FindLiveObjects: 0.675400 ms CreateObjectMapping: 0.371600 ms MarkObjects: 6.523700 ms  DeleteObjects: 2.000900 ms)

Prepare: number of updated asset objects reloaded= 0
========================================================================
Received Prepare
Begin MonoManager ReloadAssembly
- Loaded All Assemblies, in  0.750 seconds
Refreshing native plugins compatible for Editor in 1.13 ms, found 3 plugins.
Native extension for WindowsStandalone target not found
Native extension for WebGL target not found
Mono: successfully reloaded assembly
- Finished resetting the current domain, in  0.686 seconds
Domain Reload Profiling: 1436ms
	BeginReloadAssembly (239ms)
		ExecutionOrderSort (0ms)
		DisableScriptedObjects (7ms)
		BackupInstance (0ms)
		ReleaseScriptingObjects (0ms)
		CreateAndSetChildDomain (56ms)
	RebuildCommonClasses (54ms)
	RebuildNativeTypeToScriptingClass (19ms)
	initialDomainReloadingComplete (36ms)
	LoadAllAssembliesAndSetupDomain (401ms)
		LoadAssemblies (352ms)
		RebuildTransferFunctionScriptingTraits (0ms)
		AnalyzeDomain (179ms)
			TypeCache.Refresh (11ms)
				TypeCache.ScanAssembly (2ms)
			BuildScriptInfoCaches (161ms)
			ResolveRequiredComponents (4ms)
	FinalizeReload (687ms)
		ReleaseScriptCaches (0ms)
		RebuildScriptCaches (0ms)
		SetupLoadedEditorAssemblies (531ms)
			LogAssemblyErrors (0ms)
			InitializePlatformSupportModulesInManaged (3ms)
			SetLoadedEditorAssemblies (5ms)
			BeforeProcessingInitializeOnLoad (122ms)
			ProcessInitializeOnLoadAttributes (365ms)
			ProcessInitializeOnLoadMethodAttributes (28ms)
			AfterProcessingInitializeOnLoad (8ms)
			EditorAssembliesLoaded (0ms)
		ExecutionOrderSort2 (0ms)
		AwakeInstancesAfterBackupRestoration (10ms)
Refreshing native plugins compatible for Editor in 1.13 ms, found 3 plugins.
Preloading 0 native plugins for Editor in 0.00 ms.
Unloading 5 Unused Serialized files (Serialized files now loaded: 0)
Unloading 3825 unused Assets / (1.4 MB). Loaded Objects now: 4399.
Memory consumption went from 111.4 MB to 109.9 MB.
Total: 6.153600 ms (FindLiveObjects: 0.477200 ms CreateObjectMapping: 0.244700 ms MarkObjects: 4.217500 ms  DeleteObjects: 1.213200 ms)

Prepare: number of updated asset objects reloaded= 0
========================================================================
Received Prepare
Refreshing native plugins compatible for Editor in 1.07 ms, found 3 plugins.
Preloading 0 native plugins for Editor in 0.00 ms.
Unloading 5 Unused Serialized files (Serialized files now loaded: 0)
Unloading 3818 unused Assets / (1.7 MB). Loaded Objects now: 4399.
Memory consumption went from 111.6 MB to 109.9 MB.
Total: 6.588400 ms (FindLiveObjects: 0.423800 ms CreateObjectMapping: 0.480300 ms MarkObjects: 4.421600 ms  DeleteObjects: 1.262000 ms)

Prepare: number of updated asset objects reloaded= 0
========================================================================
Received Prepare
Begin MonoManager ReloadAssembly
- Loaded All Assemblies, in  0.584 seconds
Refreshing native plugins compatible for Editor in 0.76 ms, found 3 plugins.
Native extension for WindowsStandalone target not found
Native extension for WebGL target not found
Mono: successfully reloaded assembly
- Finished resetting the current domain, in  0.531 seconds
Domain Reload Profiling: 1113ms
	BeginReloadAssembly (180ms)
		ExecutionOrderSort (0ms)
		DisableScriptedObjects (5ms)
		BackupInstance (0ms)
		ReleaseScriptingObjects (0ms)
		CreateAndSetChildDomain (43ms)
	RebuildCommonClasses (34ms)
	RebuildNativeTypeToScriptingClass (18ms)
	initialDomainReloadingComplete (30ms)
	LoadAllAssembliesAndSetupDomain (320ms)
		LoadAssemblies (272ms)
		RebuildTransferFunctionScriptingTraits (0ms)
		AnalyzeDomain (142ms)
			TypeCache.Refresh (12ms)
				TypeCache.ScanAssembly (2ms)
			BuildScriptInfoCaches (122ms)
			ResolveRequiredComponents (5ms)
	FinalizeReload (531ms)
		ReleaseScriptCaches (0ms)
		RebuildScriptCaches (0ms)
		SetupLoadedEditorAssemblies (424ms)
			LogAssemblyErrors (0ms)
			InitializePlatformSupportModulesInManaged (3ms)
			SetLoadedEditorAssemblies (4ms)
			BeforeProcessingInitializeOnLoad (81ms)
			ProcessInitializeOnLoadAttributes (311ms)
			ProcessInitializeOnLoadMethodAttributes (21ms)
			AfterProcessingInitializeOnLoad (4ms)
			EditorAssembliesLoaded (0ms)
		ExecutionOrderSort2 (0ms)
		AwakeInstancesAfterBackupRestoration (6ms)
Refreshing native plugins compatible for Editor in 0.87 ms, found 3 plugins.
Preloading 0 native plugins for Editor in 0.00 ms.
Unloading 5 Unused Serialized files (Serialized files now loaded: 0)
Unloading 3825 unused Assets / (1.5 MB). Loaded Objects now: 4399.
Memory consumption went from 111.4 MB to 109.9 MB.
Total: 6.118900 ms (FindLiveObjects: 0.438000 ms CreateObjectMapping: 0.514600 ms MarkObjects: 4.056900 ms  DeleteObjects: 1.108700 ms)

Prepare: number of updated asset objects reloaded= 0
========================================================================
Received Prepare
Begin MonoManager ReloadAssembly
- Loaded All Assemblies, in  0.563 seconds
Refreshing native plugins compatible for Editor in 0.89 ms, found 3 plugins.
Native extension for WindowsStandalone target not found
Native extension for WebGL target not found
Mono: successfully reloaded assembly
- Finished resetting the current domain, in  0.577 seconds
Domain Reload Profiling: 1140ms
	BeginReloadAssembly (177ms)
		ExecutionOrderSort (0ms)
		DisableScriptedObjects (6ms)
		BackupInstance (0ms)
		ReleaseScriptingObjects (0ms)
		CreateAndSetChildDomain (42ms)
	RebuildCommonClasses (33ms)
	RebuildNativeTypeToScriptingClass (12ms)
	initialDomainReloadingComplete (26ms)
	LoadAllAssembliesAndSetupDomain (314ms)
		LoadAssemblies (267ms)
		RebuildTransferFunctionScriptingTraits (0ms)
		AnalyzeDomain (138ms)
			TypeCache.Refresh (5ms)
				TypeCache.ScanAssembly (0ms)
			BuildScriptInfoCaches (125ms)
			ResolveRequiredComponents (5ms)
	FinalizeReload (578ms)
		ReleaseScriptCaches (0ms)
		RebuildScriptCaches (0ms)
		SetupLoadedEditorAssemblies (464ms)
			LogAssemblyErrors (0ms)
			InitializePlatformSupportModulesInManaged (3ms)
			SetLoadedEditorAssemblies (4ms)
			BeforeProcessingInitializeOnLoad (89ms)
			ProcessInitializeOnLoadAttributes (341ms)
			ProcessInitializeOnLoadMethodAttributes (22ms)
			AfterProcessingInitializeOnLoad (5ms)
			EditorAssembliesLoaded (0ms)
		ExecutionOrderSort2 (0ms)
		AwakeInstancesAfterBackupRestoration (6ms)
Refreshing native plugins compatible for Editor in 0.84 ms, found 3 plugins.
Preloading 0 native plugins for Editor in 0.00 ms.
Unloading 5 Unused Serialized files (Serialized files now loaded: 0)
Unloading 3825 unused Assets / (1.6 MB). Loaded Objects now: 4399.
Memory consumption went from 111.4 MB to 109.8 MB.
Total: 7.147200 ms (FindLiveObjects: 0.458000 ms CreateObjectMapping: 0.253200 ms MarkObjects: 5.264500 ms  DeleteObjects: 1.170300 ms)

Prepare: number of updated asset objects reloaded= 0
========================================================================
Received Prepare
Begin MonoManager ReloadAssembly
- Loaded All Assemblies, in  0.568 seconds
Refreshing native plugins compatible for Editor in 0.81 ms, found 3 plugins.
Native extension for WindowsStandalone target not found
Native extension for WebGL target not found
Mono: successfully reloaded assembly
- Finished resetting the current domain, in  0.603 seconds
Domain Reload Profiling: 1172ms
	BeginReloadAssembly (188ms)
		ExecutionOrderSort (0ms)
		DisableScriptedObjects (5ms)
		BackupInstance (0ms)
		ReleaseScriptingObjects (0ms)
		CreateAndSetChildDomain (43ms)
	RebuildCommonClasses (32ms)
	RebuildNativeTypeToScriptingClass (11ms)
	initialDomainReloadingComplete (25ms)
	LoadAllAssembliesAndSetupDomain (312ms)
		LoadAssemblies (279ms)
		RebuildTransferFunctionScriptingTraits (0ms)
		AnalyzeDomain (136ms)
			TypeCache.Refresh (5ms)
				TypeCache.ScanAssembly (0ms)
			BuildScriptInfoCaches (123ms)
			ResolveRequiredComponents (4ms)
	FinalizeReload (604ms)
		ReleaseScriptCaches (0ms)
		RebuildScriptCaches (0ms)
		SetupLoadedEditorAssemblies (485ms)
			LogAssemblyErrors (0ms)
			InitializePlatformSupportModulesInManaged (3ms)
			SetLoadedEditorAssemblies (5ms)
			BeforeProcessingInitializeOnLoad (90ms)
			ProcessInitializeOnLoadAttributes (359ms)
			ProcessInitializeOnLoadMethodAttributes (23ms)
			AfterProcessingInitializeOnLoad (5ms)
			EditorAssembliesLoaded (0ms)
		ExecutionOrderSort2 (0ms)
		AwakeInstancesAfterBackupRestoration (10ms)
Refreshing native plugins compatible for Editor in 0.89 ms, found 3 plugins.
Preloading 0 native plugins for Editor in 0.00 ms.
Unloading 5 Unused Serialized files (Serialized files now loaded: 0)
Unloading 3825 unused Assets / (1.6 MB). Loaded Objects now: 4399.
Memory consumption went from 111.4 MB to 109.7 MB.
Total: 7.199100 ms (FindLiveObjects: 0.537500 ms CreateObjectMapping: 0.347700 ms MarkObjects: 5.047900 ms  DeleteObjects: 1.264700 ms)

Prepare: number of updated asset objects reloaded= 0
========================================================================
Received Prepare
Refreshing native plugins compatible for Editor in 1.30 ms, found 3 plugins.
Preloading 0 native plugins for Editor in 0.00 ms.
Unloading 5 Unused Serialized files (Serialized files now loaded: 0)
Unloading 3818 unused Assets / (1.8 MB). Loaded Objects now: 4399.
Memory consumption went from 111.6 MB to 109.7 MB.
Total: 8.561000 ms (FindLiveObjects: 0.470500 ms CreateObjectMapping: 0.262700 ms MarkObjects: 5.810000 ms  DeleteObjects: 2.015900 ms)

Prepare: number of updated asset objects reloaded= 0
========================================================================
Received Prepare
Begin MonoManager ReloadAssembly
- Loaded All Assemblies, in  0.662 seconds
Refreshing native plugins compatible for Editor in 1.24 ms, found 3 plugins.
Native extension for WindowsStandalone target not found
Native extension for WebGL target not found
Mono: successfully reloaded assembly
- Finished resetting the current domain, in  0.811 seconds
Domain Reload Profiling: 1473ms
	BeginReloadAssembly (226ms)
		ExecutionOrderSort (0ms)
		DisableScriptedObjects (8ms)
		BackupInstance (0ms)
		ReleaseScriptingObjects (0ms)
		CreateAndSetChildDomain (59ms)
	RebuildCommonClasses (35ms)
	RebuildNativeTypeToScriptingClass (12ms)
	initialDomainReloadingComplete (27ms)
	LoadAllAssembliesAndSetupDomain (362ms)
		LoadAssemblies (313ms)
		RebuildTransferFunctionScriptingTraits (0ms)
		AnalyzeDomain (167ms)
			TypeCache.Refresh (8ms)
				TypeCache.ScanAssembly (1ms)
			BuildScriptInfoCaches (149ms)
			ResolveRequiredComponents (6ms)
	FinalizeReload (812ms)
		ReleaseScriptCaches (0ms)
		RebuildScriptCaches (0ms)
		SetupLoadedEditorAssemblies (622ms)
			LogAssemblyErrors (0ms)
			InitializePlatformSupportModulesInManaged (4ms)
			SetLoadedEditorAssemblies (7ms)
			BeforeProcessingInitializeOnLoad (122ms)
			ProcessInitializeOnLoadAttributes (451ms)
			ProcessInitializeOnLoadMethodAttributes (31ms)
			AfterProcessingInitializeOnLoad (7ms)
			EditorAssembliesLoaded (0ms)
		ExecutionOrderSort2 (0ms)
		AwakeInstancesAfterBackupRestoration (10ms)
Refreshing native plugins compatible for Editor in 1.02 ms, found 3 plugins.
Preloading 0 native plugins for Editor in 0.00 ms.
Unloading 5 Unused Serialized files (Serialized files now loaded: 0)
Unloading 3825 unused Assets / (1.9 MB). Loaded Objects now: 4399.
Memory consumption went from 111.4 MB to 109.5 MB.
Total: 8.429200 ms (FindLiveObjects: 0.577900 ms CreateObjectMapping: 0.639000 ms MarkObjects: 5.340900 ms  DeleteObjects: 1.870200 ms)

Prepare: number of updated asset objects reloaded= 0
========================================================================
Received Prepare
Begin MonoManager ReloadAssembly
- Loaded All Assemblies, in  0.570 seconds
Refreshing native plugins compatible for Editor in 0.75 ms, found 3 plugins.
Native extension for WindowsStandalone target not found
Native extension for WebGL target not found
Mono: successfully reloaded assembly
- Finished resetting the current domain, in  0.572 seconds
Domain Reload Profiling: 1142ms
	BeginReloadAssembly (180ms)
		ExecutionOrderSort (0ms)
		DisableScriptedObjects (5ms)
		BackupInstance (0ms)
		ReleaseScriptingObjects (0ms)
		CreateAndSetChildDomain (45ms)
	RebuildCommonClasses (32ms)
	RebuildNativeTypeToScriptingClass (11ms)
	initialDomainReloadingComplete (25ms)
	LoadAllAssembliesAndSetupDomain (321ms)
		LoadAssemblies (268ms)
		RebuildTransferFunctionScriptingTraits (0ms)
		AnalyzeDomain (145ms)
			TypeCache.Refresh (5ms)
				TypeCache.ScanAssembly (0ms)
			BuildScriptInfoCaches (132ms)
			ResolveRequiredComponents (4ms)
	FinalizeReload (573ms)
		ReleaseScriptCaches (0ms)
		RebuildScriptCaches (0ms)
		SetupLoadedEditorAssemblies (457ms)
			LogAssemblyErrors (0ms)
			InitializePlatformSupportModulesInManaged (3ms)
			SetLoadedEditorAssemblies (4ms)
			BeforeProcessingInitializeOnLoad (86ms)
			ProcessInitializeOnLoadAttributes (337ms)
			ProcessInitializeOnLoadMethodAttributes (22ms)
			AfterProcessingInitializeOnLoad (4ms)
			EditorAssembliesLoaded (0ms)
		ExecutionOrderSort2 (0ms)
		AwakeInstancesAfterBackupRestoration (7ms)
Refreshing native plugins compatible for Editor in 1.04 ms, found 3 plugins.
Preloading 0 native plugins for Editor in 0.00 ms.
Unloading 5 Unused Serialized files (Serialized files now loaded: 0)
Unloading 3825 unused Assets / (1.6 MB). Loaded Objects now: 4399.
Memory consumption went from 111.4 MB to 109.8 MB.
Total: 7.240200 ms (FindLiveObjects: 0.964600 ms CreateObjectMapping: 0.473100 ms MarkObjects: 4.598300 ms  DeleteObjects: 1.203200 ms)

Prepare: number of updated asset objects reloaded= 0
========================================================================
Received Prepare
Refreshing native plugins compatible for Editor in 0.89 ms, found 3 plugins.
Preloading 0 native plugins for Editor in 0.00 ms.
Unloading 5 Unused Serialized files (Serialized files now loaded: 0)
Unloading 3818 unused Assets / (1.5 MB). Loaded Objects now: 4399.
Memory consumption went from 111.6 MB to 110.1 MB.
Total: 5.852100 ms (FindLiveObjects: 0.416100 ms CreateObjectMapping: 0.245700 ms MarkObjects: 4.068700 ms  DeleteObjects: 1.120400 ms)

Prepare: number of updated asset objects reloaded= 0
========================================================================
Received Prepare
Begin MonoManager ReloadAssembly
- Loaded All Assemblies, in  0.581 seconds
Refreshing native plugins compatible for Editor in 0.77 ms, found 3 plugins.
Native extension for WindowsStandalone target not found
Native extension for WebGL target not found
Mono: successfully reloaded assembly
- Finished resetting the current domain, in  0.561 seconds
Domain Reload Profiling: 1142ms
	BeginReloadAssembly (193ms)
		ExecutionOrderSort (0ms)
		DisableScriptedObjects (5ms)
		BackupInstance (0ms)
		ReleaseScriptingObjects (0ms)
		CreateAndSetChildDomain (43ms)
	RebuildCommonClasses (36ms)
	RebuildNativeTypeToScriptingClass (13ms)
	initialDomainReloadingComplete (26ms)
	LoadAllAssembliesAndSetupDomain (313ms)
		LoadAssemblies (280ms)
		RebuildTransferFunctionScriptingTraits (0ms)
		AnalyzeDomain (139ms)
			TypeCache.Refresh (8ms)
				TypeCache.ScanAssembly (1ms)
			BuildScriptInfoCaches (123ms)
			ResolveRequiredComponents (4ms)
	FinalizeReload (561ms)
		ReleaseScriptCaches (0ms)
		RebuildScriptCaches (0ms)
		SetupLoadedEditorAssemblies (430ms)
			LogAssemblyErrors (0ms)
			InitializePlatformSupportModulesInManaged (3ms)
			SetLoadedEditorAssemblies (4ms)
			BeforeProcessingInitializeOnLoad (82ms)
			ProcessInitializeOnLoadAttributes (316ms)
			ProcessInitializeOnLoadMethodAttributes (21ms)
			AfterProcessingInitializeOnLoad (4ms)
			EditorAssembliesLoaded (0ms)
		ExecutionOrderSort2 (0ms)
		AwakeInstancesAfterBackupRestoration (6ms)
Refreshing native plugins compatible for Editor in 0.90 ms, found 3 plugins.
Preloading 0 native plugins for Editor in 0.00 ms.
Unloading 5 Unused Serialized files (Serialized files now loaded: 0)
Unloading 3825 unused Assets / (1.5 MB). Loaded Objects now: 4399.
Memory consumption went from 111.4 MB to 109.9 MB.
Total: 5.608400 ms (FindLiveObjects: 0.401800 ms CreateObjectMapping: 0.234400 ms MarkObjects: 3.953200 ms  DeleteObjects: 1.018300 ms)

Prepare: number of updated asset objects reloaded= 0
========================================================================
Received Prepare
Begin MonoManager ReloadAssembly
- Loaded All Assemblies, in  0.573 seconds
Refreshing native plugins compatible for Editor in 0.78 ms, found 3 plugins.
Native extension for WindowsStandalone target not found
Native extension for WebGL target not found
Mono: successfully reloaded assembly
- Finished resetting the current domain, in  0.577 seconds
Domain Reload Profiling: 1151ms
	BeginReloadAssembly (181ms)
		ExecutionOrderSort (0ms)
		DisableScriptedObjects (6ms)
		BackupInstance (0ms)
		ReleaseScriptingObjects (0ms)
		CreateAndSetChildDomain (43ms)
	RebuildCommonClasses (33ms)
	RebuildNativeTypeToScriptingClass (11ms)
	initialDomainReloadingComplete (25ms)
	LoadAllAssembliesAndSetupDomain (323ms)
		LoadAssemblies (266ms)
		RebuildTransferFunctionScriptingTraits (0ms)
		AnalyzeDomain (151ms)
			TypeCache.Refresh (5ms)
				TypeCache.ScanAssembly (0ms)
			BuildScriptInfoCaches (138ms)
			ResolveRequiredComponents (5ms)
	FinalizeReload (578ms)
		ReleaseScriptCaches (0ms)
		RebuildScriptCaches (0ms)
		SetupLoadedEditorAssemblies (462ms)
			LogAssemblyErrors (0ms)
			InitializePlatformSupportModulesInManaged (3ms)
			SetLoadedEditorAssemblies (6ms)
			BeforeProcessingInitializeOnLoad (88ms)
			ProcessInitializeOnLoadAttributes (338ms)
			ProcessInitializeOnLoadMethodAttributes (23ms)
			AfterProcessingInitializeOnLoad (5ms)
			EditorAssembliesLoaded (0ms)
		ExecutionOrderSort2 (0ms)
		AwakeInstancesAfterBackupRestoration (6ms)
Refreshing native plugins compatible for Editor in 0.90 ms, found 3 plugins.
Preloading 0 native plugins for Editor in 0.00 ms.
Unloading 5 Unused Serialized files (Serialized files now loaded: 0)
Unloading 3825 unused Assets / (1.7 MB). Loaded Objects now: 4399.
Memory consumption went from 111.4 MB to 109.7 MB.
Total: 7.160900 ms (FindLiveObjects: 0.403000 ms CreateObjectMapping: 0.217800 ms MarkObjects: 5.204500 ms  DeleteObjects: 1.334100 ms)

Prepare: number of updated asset objects reloaded= 0
========================================================================
Received Prepare
Begin MonoManager ReloadAssembly
- Loaded All Assemblies, in  0.560 seconds
Refreshing native plugins compatible for Editor in 0.90 ms, found 3 plugins.
Native extension for WindowsStandalone target not found
Native extension for WebGL target not found
Mono: successfully reloaded assembly
- Finished resetting the current domain, in  0.593 seconds
Domain Reload Profiling: 1153ms
	BeginReloadAssembly (178ms)
		ExecutionOrderSort (0ms)
		DisableScriptedObjects (5ms)
		BackupInstance (0ms)
		ReleaseScriptingObjects (0ms)
		CreateAndSetChildDomain (45ms)
	RebuildCommonClasses (32ms)
	RebuildNativeTypeToScriptingClass (11ms)
	initialDomainReloadingComplete (25ms)
	LoadAllAssembliesAndSetupDomain (315ms)
		LoadAssemblies (266ms)
		RebuildTransferFunctionScriptingTraits (0ms)
		AnalyzeDomain (139ms)
			TypeCache.Refresh (5ms)
				TypeCache.ScanAssembly (0ms)
			BuildScriptInfoCaches (126ms)
			ResolveRequiredComponents (4ms)
	FinalizeReload (593ms)
		ReleaseScriptCaches (0ms)
		RebuildScriptCaches (0ms)
		SetupLoadedEditorAssemblies (463ms)
			LogAssemblyErrors (0ms)
			InitializePlatformSupportModulesInManaged (3ms)
			SetLoadedEditorAssemblies (5ms)
			BeforeProcessingInitializeOnLoad (86ms)
			ProcessInitializeOnLoadAttributes (342ms)
			ProcessInitializeOnLoadMethodAttributes (22ms)
			AfterProcessingInitializeOnLoad (4ms)
			EditorAssembliesLoaded (0ms)
		ExecutionOrderSort2 (0ms)
		AwakeInstancesAfterBackupRestoration (7ms)
Refreshing native plugins compatible for Editor in 1.09 ms, found 3 plugins.
Preloading 0 native plugins for Editor in 0.00 ms.
Unloading 5 Unused Serialized files (Serialized files now loaded: 0)
Unloading 3825 unused Assets / (1.5 MB). Loaded Objects now: 4399.
Memory consumption went from 111.4 MB to 109.9 MB.
Total: 5.990000 ms (FindLiveObjects: 0.461600 ms CreateObjectMapping: 0.284200 ms MarkObjects: 4.109200 ms  DeleteObjects: 1.133900 ms)

Prepare: number of updated asset objects reloaded= 0
========================================================================
Received Prepare
Begin MonoManager ReloadAssembly
- Loaded All Assemblies, in  0.559 seconds
Refreshing native plugins compatible for Editor in 0.88 ms, found 3 plugins.
Native extension for WindowsStandalone target not found
Native extension for WebGL target not found
Mono: successfully reloaded assembly
- Finished resetting the current domain, in  0.561 seconds
Domain Reload Profiling: 1122ms
	BeginReloadAssembly (180ms)
		ExecutionOrderSort (0ms)
		DisableScriptedObjects (5ms)
		BackupInstance (0ms)
		ReleaseScriptingObjects (0ms)
		CreateAndSetChildDomain (43ms)
	RebuildCommonClasses (32ms)
	RebuildNativeTypeToScriptingClass (11ms)
	initialDomainReloadingComplete (26ms)
	LoadAllAssembliesAndSetupDomain (310ms)
		LoadAssemblies (268ms)
		RebuildTransferFunctionScriptingTraits (0ms)
		AnalyzeDomain (136ms)
			TypeCache.Refresh (5ms)
				TypeCache.ScanAssembly (0ms)
			BuildScriptInfoCaches (121ms)
			ResolveRequiredComponents (5ms)
	FinalizeReload (562ms)
		ReleaseScriptCaches (0ms)
		RebuildScriptCaches (0ms)
		SetupLoadedEditorAssemblies (451ms)
			LogAssemblyErrors (0ms)
			InitializePlatformSupportModulesInManaged (3ms)
			SetLoadedEditorAssemblies (4ms)
			BeforeProcessingInitializeOnLoad (85ms)
			ProcessInitializeOnLoadAttributes (332ms)
			ProcessInitializeOnLoadMethodAttributes (23ms)
			AfterProcessingInitializeOnLoad (5ms)
			EditorAssembliesLoaded (0ms)
		ExecutionOrderSort2 (0ms)
		AwakeInstancesAfterBackupRestoration (6ms)
Refreshing native plugins compatible for Editor in 1.12 ms, found 3 plugins.
Preloading 0 native plugins for Editor in 0.00 ms.
Unloading 5 Unused Serialized files (Serialized files now loaded: 0)
Unloading 3825 unused Assets / (1.6 MB). Loaded Objects now: 4399.
Memory consumption went from 111.4 MB to 109.8 MB.
Total: 7.122200 ms (FindLiveObjects: 0.688200 ms CreateObjectMapping: 0.327400 ms MarkObjects: 4.853700 ms  DeleteObjects: 1.252300 ms)

Prepare: number of updated asset objects reloaded= 0
========================================================================
Received Prepare
Begin MonoManager ReloadAssembly
- Loaded All Assemblies, in  0.578 seconds
Refreshing native plugins compatible for Editor in 0.79 ms, found 3 plugins.
Native extension for WindowsStandalone target not found
Native extension for WebGL target not found
Mono: successfully reloaded assembly
- Finished resetting the current domain, in  0.575 seconds
Domain Reload Profiling: 1153ms
	BeginReloadAssembly (191ms)
		ExecutionOrderSort (0ms)
		DisableScriptedObjects (5ms)
		BackupInstance (0ms)
		ReleaseScriptingObjects (0ms)
		CreateAndSetChildDomain (47ms)
	RebuildCommonClasses (35ms)
	RebuildNativeTypeToScriptingClass (12ms)
	initialDomainReloadingComplete (27ms)
	LoadAllAssembliesAndSetupDomain (315ms)
		LoadAssemblies (268ms)
		RebuildTransferFunctionScriptingTraits (0ms)
		AnalyzeDomain (141ms)
			TypeCache.Refresh (5ms)
				TypeCache.ScanAssembly (0ms)
			BuildScriptInfoCaches (127ms)
			ResolveRequiredComponents (5ms)
	FinalizeReload (575ms)
		ReleaseScriptCaches (0ms)
		RebuildScriptCaches (0ms)
		SetupLoadedEditorAssemblies (464ms)
			LogAssemblyErrors (0ms)
			InitializePlatformSupportModulesInManaged (4ms)
			SetLoadedEditorAssemblies (5ms)
			BeforeProcessingInitializeOnLoad (89ms)
			ProcessInitializeOnLoadAttributes (341ms)
			ProcessInitializeOnLoadMethodAttributes (21ms)
			AfterProcessingInitializeOnLoad (4ms)
			EditorAssembliesLoaded (0ms)
		ExecutionOrderSort2 (0ms)
		AwakeInstancesAfterBackupRestoration (7ms)
Refreshing native plugins compatible for Editor in 1.38 ms, found 3 plugins.
Preloading 0 native plugins for Editor in 0.00 ms.
Unloading 5 Unused Serialized files (Serialized files now loaded: 0)
Unloading 3825 unused Assets / (1.6 MB). Loaded Objects now: 4399.
Memory consumption went from 111.4 MB to 109.8 MB.
Total: 6.502900 ms (FindLiveObjects: 0.586700 ms CreateObjectMapping: 0.625300 ms MarkObjects: 4.044900 ms  DeleteObjects: 1.245000 ms)

Prepare: number of updated asset objects reloaded= 0
========================================================================
Received Prepare
Begin MonoManager ReloadAssembly
- Loaded All Assemblies, in  0.550 seconds
Refreshing native plugins compatible for Editor in 0.77 ms, found 3 plugins.
Native extension for WindowsStandalone target not found
Native extension for WebGL target not found
Mono: successfully reloaded assembly
- Finished resetting the current domain, in  0.571 seconds
Domain Reload Profiling: 1121ms
	BeginReloadAssembly (177ms)
		ExecutionOrderSort (0ms)
		DisableScriptedObjects (5ms)
		BackupInstance (0ms)
		ReleaseScriptingObjects (0ms)
		CreateAndSetChildDomain (43ms)
	RebuildCommonClasses (32ms)
	RebuildNativeTypeToScriptingClass (11ms)
	initialDomainReloadingComplete (25ms)
	LoadAllAssembliesAndSetupDomain (304ms)
		LoadAssemblies (259ms)
		RebuildTransferFunctionScriptingTraits (0ms)
		AnalyzeDomain (137ms)
			TypeCache.Refresh (5ms)
				TypeCache.ScanAssembly (0ms)
			BuildScriptInfoCaches (125ms)
			ResolveRequiredComponents (4ms)
	FinalizeReload (571ms)
		ReleaseScriptCaches (0ms)
		RebuildScriptCaches (0ms)
		SetupLoadedEditorAssemblies (456ms)
			LogAssemblyErrors (0ms)
			InitializePlatformSupportModulesInManaged (3ms)
			SetLoadedEditorAssemblies (4ms)
			BeforeProcessingInitializeOnLoad (91ms)
			ProcessInitializeOnLoadAttributes (332ms)
			ProcessInitializeOnLoadMethodAttributes (22ms)
			AfterProcessingInitializeOnLoad (4ms)
			EditorAssembliesLoaded (0ms)
		ExecutionOrderSort2 (0ms)
		AwakeInstancesAfterBackupRestoration (7ms)
Refreshing native plugins compatible for Editor in 0.89 ms, found 3 plugins.
Preloading 0 native plugins for Editor in 0.00 ms.
Unloading 5 Unused Serialized files (Serialized files now loaded: 0)
Unloading 3825 unused Assets / (1.7 MB). Loaded Objects now: 4399.
Memory consumption went from 111.4 MB to 109.7 MB.
Total: 6.700800 ms (FindLiveObjects: 0.651900 ms CreateObjectMapping: 0.589200 ms MarkObjects: 4.166100 ms  DeleteObjects: 1.292400 ms)

Prepare: number of updated asset objects reloaded= 0
========================================================================
Received Prepare
Begin MonoManager ReloadAssembly
- Loaded All Assemblies, in  0.556 seconds
Refreshing native plugins compatible for Editor in 0.81 ms, found 3 plugins.
Native extension for WindowsStandalone target not found
Native extension for WebGL target not found
Mono: successfully reloaded assembly
- Finished resetting the current domain, in  0.585 seconds
Domain Reload Profiling: 1141ms
	BeginReloadAssembly (184ms)
		ExecutionOrderSort (0ms)
		DisableScriptedObjects (5ms)
		BackupInstance (0ms)
		ReleaseScriptingObjects (0ms)
		CreateAndSetChildDomain (45ms)
	RebuildCommonClasses (33ms)
	RebuildNativeTypeToScriptingClass (11ms)
	initialDomainReloadingComplete (25ms)
	LoadAllAssembliesAndSetupDomain (303ms)
		LoadAssemblies (263ms)
		RebuildTransferFunctionScriptingTraits (0ms)
		AnalyzeDomain (136ms)
			TypeCache.Refresh (5ms)
				TypeCache.ScanAssembly (0ms)
			BuildScriptInfoCaches (123ms)
			ResolveRequiredComponents (5ms)
	FinalizeReload (585ms)
		ReleaseScriptCaches (0ms)
		RebuildScriptCaches (0ms)
		SetupLoadedEditorAssemblies (468ms)
			LogAssemblyErrors (0ms)
			InitializePlatformSupportModulesInManaged (3ms)
			SetLoadedEditorAssemblies (4ms)
			BeforeProcessingInitializeOnLoad (88ms)
			ProcessInitializeOnLoadAttributes (347ms)
			ProcessInitializeOnLoadMethodAttributes (22ms)
			AfterProcessingInitializeOnLoad (4ms)
			EditorAssembliesLoaded (0ms)
		ExecutionOrderSort2 (0ms)
		AwakeInstancesAfterBackupRestoration (10ms)
Refreshing native plugins compatible for Editor in 0.94 ms, found 3 plugins.
Preloading 0 native plugins for Editor in 0.00 ms.
Unloading 5 Unused Serialized files (Serialized files now loaded: 0)
Unloading 3825 unused Assets / (1.6 MB). Loaded Objects now: 4399.
Memory consumption went from 111.4 MB to 109.8 MB.
Total: 6.253100 ms (FindLiveObjects: 0.472500 ms CreateObjectMapping: 0.232500 ms MarkObjects: 4.395400 ms  DeleteObjects: 1.151700 ms)

Prepare: number of updated asset objects reloaded= 0
========================================================================
Received Prepare
Refreshing native plugins compatible for Editor in 0.90 ms, found 3 plugins.
Preloading 0 native plugins for Editor in 0.00 ms.
Unloading 5 Unused Serialized files (Serialized files now loaded: 0)
Unloading 3818 unused Assets / (1.6 MB). Loaded Objects now: 4399.
Memory consumption went from 111.6 MB to 110.0 MB.
Total: 6.654200 ms (FindLiveObjects: 0.500700 ms CreateObjectMapping: 0.268100 ms MarkObjects: 4.664500 ms  DeleteObjects: 1.219800 ms)

Prepare: number of updated asset objects reloaded= 0
========================================================================
Received Prepare
Begin MonoManager ReloadAssembly
- Loaded All Assemblies, in  0.583 seconds
Refreshing native plugins compatible for Editor in 0.80 ms, found 3 plugins.
Native extension for WindowsStandalone target not found
Native extension for WebGL target not found
Mono: successfully reloaded assembly
- Finished resetting the current domain, in  0.580 seconds
Domain Reload Profiling: 1162ms
	BeginReloadAssembly (182ms)
		ExecutionOrderSort (0ms)
		DisableScriptedObjects (5ms)
		BackupInstance (0ms)
		ReleaseScriptingObjects (0ms)
		CreateAndSetChildDomain (47ms)
	RebuildCommonClasses (35ms)
	RebuildNativeTypeToScriptingClass (14ms)
	initialDomainReloadingComplete (29ms)
	LoadAllAssembliesAndSetupDomain (323ms)
		LoadAssemblies (266ms)
		RebuildTransferFunctionScriptingTraits (0ms)
		AnalyzeDomain (150ms)
			TypeCache.Refresh (8ms)
				TypeCache.ScanAssembly (1ms)
			BuildScriptInfoCaches (135ms)
			ResolveRequiredComponents (4ms)
	FinalizeReload (580ms)
		ReleaseScriptCaches (0ms)
		RebuildScriptCaches (0ms)
		SetupLoadedEditorAssemblies (462ms)
			LogAssemblyErrors (0ms)
			InitializePlatformSupportModulesInManaged (3ms)
			SetLoadedEditorAssemblies (5ms)
			BeforeProcessingInitializeOnLoad (98ms)
			ProcessInitializeOnLoadAttributes (332ms)
			ProcessInitializeOnLoadMethodAttributes (21ms)
			AfterProcessingInitializeOnLoad (4ms)
			EditorAssembliesLoaded (0ms)
		ExecutionOrderSort2 (0ms)
		AwakeInstancesAfterBackupRestoration (7ms)
Refreshing native plugins compatible for Editor in 0.88 ms, found 3 plugins.
Preloading 0 native plugins for Editor in 0.00 ms.
Unloading 5 Unused Serialized files (Serialized files now loaded: 0)
Unloading 3825 unused Assets / (1.6 MB). Loaded Objects now: 4399.
Memory consumption went from 111.4 MB to 109.8 MB.
Total: 6.285300 ms (FindLiveObjects: 0.438900 ms CreateObjectMapping: 0.516700 ms MarkObjects: 4.156700 ms  DeleteObjects: 1.172000 ms)

Prepare: number of updated asset objects reloaded= 0
========================================================================
Received Prepare
Refreshing native plugins compatible for Editor in 0.86 ms, found 3 plugins.
Preloading 0 native plugins for Editor in 0.00 ms.
Unloading 5 Unused Serialized files (Serialized files now loaded: 0)
Unloading 3818 unused Assets / (1.5 MB). Loaded Objects now: 4399.
Memory consumption went from 111.6 MB to 110.1 MB.
Total: 5.804700 ms (FindLiveObjects: 0.414600 ms CreateObjectMapping: 0.218700 ms MarkObjects: 4.105900 ms  DeleteObjects: 1.064700 ms)

Prepare: number of updated asset objects reloaded= 0
========================================================================
Received Prepare
Begin MonoManager ReloadAssembly
- Loaded All Assemblies, in  0.580 seconds
Refreshing native plugins compatible for Editor in 0.77 ms, found 3 plugins.
Native extension for WindowsStandalone target not found
Native extension for WebGL target not found
Mono: successfully reloaded assembly
- Finished resetting the current domain, in  0.581 seconds
Domain Reload Profiling: 1161ms
	BeginReloadAssembly (185ms)
		ExecutionOrderSort (0ms)
		DisableScriptedObjects (5ms)
		BackupInstance (0ms)
		ReleaseScriptingObjects (0ms)
		CreateAndSetChildDomain (50ms)
	RebuildCommonClasses (34ms)
	RebuildNativeTypeToScriptingClass (12ms)
	initialDomainReloadingComplete (26ms)
	LoadAllAssembliesAndSetupDomain (323ms)
		LoadAssemblies (270ms)
		RebuildTransferFunctionScriptingTraits (0ms)
		AnalyzeDomain (146ms)
			TypeCache.Refresh (8ms)
				TypeCache.ScanAssembly (1ms)
			BuildScriptInfoCaches (130ms)
			ResolveRequiredComponents (5ms)
	FinalizeReload (581ms)
		ReleaseScriptCaches (0ms)
		RebuildScriptCaches (0ms)
		SetupLoadedEditorAssemblies (467ms)
			LogAssemblyErrors (0ms)
			InitializePlatformSupportModulesInManaged (3ms)
			SetLoadedEditorAssemblies (5ms)
			BeforeProcessingInitializeOnLoad (95ms)
			ProcessInitializeOnLoadAttributes (338ms)
			ProcessInitializeOnLoadMethodAttributes (21ms)
			AfterProcessingInitializeOnLoad (4ms)
			EditorAssembliesLoaded (0ms)
		ExecutionOrderSort2 (0ms)
		AwakeInstancesAfterBackupRestoration (7ms)
Refreshing native plugins compatible for Editor in 0.88 ms, found 3 plugins.
Preloading 0 native plugins for Editor in 0.00 ms.
Unloading 5 Unused Serialized files (Serialized files now loaded: 0)
Unloading 3825 unused Assets / (1.6 MB). Loaded Objects now: 4399.
Memory consumption went from 111.4 MB to 109.8 MB.
Total: 6.252100 ms (FindLiveObjects: 0.411800 ms CreateObjectMapping: 0.246000 ms MarkObjects: 4.337400 ms  DeleteObjects: 1.255700 ms)

Prepare: number of updated asset objects reloaded= 0
========================================================================
Received Prepare
Refreshing native plugins compatible for Editor in 1.05 ms, found 3 plugins.
Preloading 0 native plugins for Editor in 0.00 ms.
Unloading 5 Unused Serialized files (Serialized files now loaded: 0)
Unloading 3818 unused Assets / (2.2 MB). Loaded Objects now: 4399.
Memory consumption went from 111.6 MB to 109.4 MB.
Total: 6.919000 ms (FindLiveObjects: 0.439100 ms CreateObjectMapping: 0.229200 ms MarkObjects: 4.322400 ms  DeleteObjects: 1.926800 ms)

Prepare: number of updated asset objects reloaded= 0
========================================================================
Received Prepare
Begin MonoManager ReloadAssembly
- Loaded All Assemblies, in  0.579 seconds
Refreshing native plugins compatible for Editor in 0.87 ms, found 3 plugins.
Native extension for WindowsStandalone target not found
Native extension for WebGL target not found
Mono: successfully reloaded assembly
- Finished resetting the current domain, in  0.601 seconds
Domain Reload Profiling: 1181ms
	BeginReloadAssembly (189ms)
		ExecutionOrderSort (0ms)
		DisableScriptedObjects (8ms)
		BackupInstance (0ms)
		ReleaseScriptingObjects (0ms)
		CreateAndSetChildDomain (54ms)
	RebuildCommonClasses (33ms)
	RebuildNativeTypeToScriptingClass (13ms)
	initialDomainReloadingComplete (26ms)
	LoadAllAssembliesAndSetupDomain (317ms)
		LoadAssemblies (262ms)
		RebuildTransferFunctionScriptingTraits (0ms)
		AnalyzeDomain (144ms)
			TypeCache.Refresh (8ms)
				TypeCache.ScanAssembly (1ms)
			BuildScriptInfoCaches (129ms)
			ResolveRequiredComponents (4ms)
	FinalizeReload (602ms)
		ReleaseScriptCaches (0ms)
		RebuildScriptCaches (0ms)
		SetupLoadedEditorAssemblies (482ms)
			LogAssemblyErrors (0ms)
			InitializePlatformSupportModulesInManaged (4ms)
			SetLoadedEditorAssemblies (5ms)
			BeforeProcessingInitializeOnLoad (99ms)
			ProcessInitializeOnLoadAttributes (349ms)
			ProcessInitializeOnLoadMethodAttributes (21ms)
			AfterProcessingInitializeOnLoad (4ms)
			EditorAssembliesLoaded (0ms)
		ExecutionOrderSort2 (0ms)
		AwakeInstancesAfterBackupRestoration (7ms)
Refreshing native plugins compatible for Editor in 0.85 ms, found 3 plugins.
Preloading 0 native plugins for Editor in 0.00 ms.
Unloading 5 Unused Serialized files (Serialized files now loaded: 0)
Unloading 3825 unused Assets / (1.7 MB). Loaded Objects now: 4399.
Memory consumption went from 111.4 MB to 109.7 MB.
Total: 6.455500 ms (FindLiveObjects: 0.484900 ms CreateObjectMapping: 0.606900 ms MarkObjects: 4.090100 ms  DeleteObjects: 1.272700 ms)

Prepare: number of updated asset objects reloaded= 0
========================================================================
Received Prepare
Begin MonoManager ReloadAssembly
- Loaded All Assemblies, in  0.568 seconds
Refreshing native plugins compatible for Editor in 0.81 ms, found 3 plugins.
Native extension for WindowsStandalone target not found
Native extension for WebGL target not found
Mono: successfully reloaded assembly
- Finished resetting the current domain, in  0.580 seconds
Domain Reload Profiling: 1148ms
	BeginReloadAssembly (183ms)
		ExecutionOrderSort (0ms)
		DisableScriptedObjects (5ms)
		BackupInstance (0ms)
		ReleaseScriptingObjects (0ms)
		CreateAndSetChildDomain (46ms)
	RebuildCommonClasses (34ms)
	RebuildNativeTypeToScriptingClass (12ms)
	initialDomainReloadingComplete (25ms)
	LoadAllAssembliesAndSetupDomain (314ms)
		LoadAssemblies (265ms)
		RebuildTransferFunctionScriptingTraits (0ms)
		AnalyzeDomain (142ms)
			TypeCache.Refresh (5ms)
				TypeCache.ScanAssembly (0ms)
			BuildScriptInfoCaches (130ms)
			ResolveRequiredComponents (4ms)
	FinalizeReload (580ms)
		ReleaseScriptCaches (0ms)
		RebuildScriptCaches (0ms)
		SetupLoadedEditorAssemblies (468ms)
			LogAssemblyErrors (0ms)
			InitializePlatformSupportModulesInManaged (3ms)
			SetLoadedEditorAssemblies (5ms)
			BeforeProcessingInitializeOnLoad (85ms)
			ProcessInitializeOnLoadAttributes (347ms)
			ProcessInitializeOnLoadMethodAttributes (23ms)
			AfterProcessingInitializeOnLoad (4ms)
			EditorAssembliesLoaded (0ms)
		ExecutionOrderSort2 (0ms)
		AwakeInstancesAfterBackupRestoration (7ms)
Refreshing native plugins compatible for Editor in 1.11 ms, found 3 plugins.
Preloading 0 native plugins for Editor in 0.00 ms.
Unloading 5 Unused Serialized files (Serialized files now loaded: 0)
Unloading 3825 unused Assets / (1.8 MB). Loaded Objects now: 4399.
Memory consumption went from 111.4 MB to 109.6 MB.
Total: 6.845000 ms (FindLiveObjects: 0.438600 ms CreateObjectMapping: 0.517100 ms MarkObjects: 4.516700 ms  DeleteObjects: 1.371600 ms)

Prepare: number of updated asset objects reloaded= 0
========================================================================
Received Prepare
Begin MonoManager ReloadAssembly
- Loaded All Assemblies, in  0.576 seconds
Refreshing native plugins compatible for Editor in 0.81 ms, found 3 plugins.
Native extension for WindowsStandalone target not found
Native extension for WebGL target not found
Mono: successfully reloaded assembly
- Finished resetting the current domain, in  0.590 seconds
Domain Reload Profiling: 1166ms
	BeginReloadAssembly (190ms)
		ExecutionOrderSort (0ms)
		DisableScriptedObjects (6ms)
		BackupInstance (0ms)
		ReleaseScriptingObjects (0ms)
		CreateAndSetChildDomain (47ms)
	RebuildCommonClasses (34ms)
	RebuildNativeTypeToScriptingClass (12ms)
	initialDomainReloadingComplete (25ms)
	LoadAllAssembliesAndSetupDomain (315ms)
		LoadAssemblies (267ms)
		RebuildTransferFunctionScriptingTraits (0ms)
		AnalyzeDomain (141ms)
			TypeCache.Refresh (5ms)
				TypeCache.ScanAssembly (0ms)
			BuildScriptInfoCaches (128ms)
			ResolveRequiredComponents (5ms)
	FinalizeReload (590ms)
		ReleaseScriptCaches (0ms)
		RebuildScriptCaches (0ms)
		SetupLoadedEditorAssemblies (471ms)
			LogAssemblyErrors (0ms)
			InitializePlatformSupportModulesInManaged (3ms)
			SetLoadedEditorAssemblies (5ms)
			BeforeProcessingInitializeOnLoad (89ms)
			ProcessInitializeOnLoadAttributes (345ms)
			ProcessInitializeOnLoadMethodAttributes (24ms)
			AfterProcessingInitializeOnLoad (4ms)
			EditorAssembliesLoaded (0ms)
		ExecutionOrderSort2 (0ms)
		AwakeInstancesAfterBackupRestoration (7ms)
Refreshing native plugins compatible for Editor in 1.01 ms, found 3 plugins.
Preloading 0 native plugins for Editor in 0.00 ms.
Unloading 5 Unused Serialized files (Serialized files now loaded: 0)
Unloading 3825 unused Assets / (1.6 MB). Loaded Objects now: 4399.
Memory consumption went from 111.4 MB to 109.8 MB.
Total: 6.619900 ms (FindLiveObjects: 0.492900 ms CreateObjectMapping: 0.465900 ms MarkObjects: 4.477000 ms  DeleteObjects: 1.183200 ms)

Prepare: number of updated asset objects reloaded= 0
